Day	Label	Bag
D32	CrenatedDisc_	D3
D28	CrenatedDisc_	CE49
D42	CrenatedDisc_	CE52
D23	CrenatedDisc_	A1
D14	CrenatedDisc_	CE50
D21	CrenatedDisc_	E1
D14	CrenatedDisc_	CE49
D32	CrenatedDisc_	CE52
D23	CrenatedDisc_	D3
D23	CrenatedDisc_	A1
D5	CrenatedDisc_	CE50
D2	CrenatedDisc_	H3
D2	CrenatedDisc_	F2
D5	CrenatedDisc_	A1
D5	CrenatedDisc_	CE49
D39	CrenatedDisc_	E1
D30	CrenatedDisc_	D3
D18	CrenatedDisc_	E1
D9	CrenatedDisc_	CE52
D2	CrenatedDisc_	CE49
D23	CrenatedDisc_	CE50
D42	CrenatedDisc_	D3
D37	CrenatedDisc_	E1
D18	CrenatedDisc_	E1
D23	CrenatedDisc_	A1
D14	CrenatedDisc_	A1
D14	CrenatedDisc_	E1
D11	CrenatedDisc_	D3
D2	CrenatedDisc_	H3
D5	CrenatedDisc_	CE50
D14	CrenatedDisc_	F2
D9	CrenatedDisc_	D3
D42	CrenatedDisc_	F2
D32	CrenatedDisc_	D3
D42	CrenatedDisc_	F2
D14	CrenatedDisc_	E1
D14	CrenatedDisc_	F2
D18	CrenatedDisc_	CE52
D5	CrenatedDisc_	CE50
D32	CrenatedDisc_	CE52
D29	CrenatedDisc_	A1
D14	CrenatedDisc_	F2
D14	CrenatedDisc_	CE50
D39	CrenatedDisc_	D3
D16	CrenatedDisc_	E1
D2	CrenatedDisc_	CE50
D42	CrenatedDisc_	E1
D14	CrenatedDisc_	A1
D42	CrenatedDisc_	CE49
D28	CrenatedDisc_	CE52
D36	CrenatedDisc_	CE50
D28	CrenatedDisc_	CE50
D37	CrenatedDisc_	E1
D14	CrenatedDisc_	F2
D21	CrenatedDisc_	D3
D14	CrenatedDisc_	D3
D32	CrenatedDisc_	CE52
D16	CrenatedDisc_	A1
D36	CrenatedDisc_	CE49
D42	CrenatedDisc_	CE52
D42	CrenatedDisc_	D3
D26	CrenatedDisc_	CE49
D18	CrenatedDisc_	E1
D18	CrenatedDisc_	CE52
D2	CrenatedDisc_	H3
D42	CrenatedDisc_	H3
D32	CrenatedDisc_	E1
D39	CrenatedDisc_	E1
D2	CrenatedDisc_	A1
D2	CrenatedDisc_	H3
D42	CrenatedDisc_	F2
D9	CrenatedDisc_	D3
D28	CrenatedDisc_	E1
D11	CrenatedDisc_	CE52
D18	CrenatedDisc_	D3
D23	CrenatedDisc_	CE50
D21	CrenatedDisc_	D3
D42	CrenatedDisc_	CE47
D21	CrenatedDisc_	CE52
D26	CrenatedDisc_	CE50
D14	CrenatedDisc_	F2
D2	CrenatedDisc_	H3
D28	CrenatedDisc_	CE50
D18	CrenatedDisc_	CE52
D23	CrenatedDisc_	D3
D42	CrenatedDisc_	F2
D14	CrenatedDisc_	A1
D30	CrenatedDisc_	D3
D2	CrenatedDisc_	H3
D49	CrenatedDisc_	B2
D29	CrenatedDisc_	CE50
D32	CrenatedDisc_	D3
D49	CrenatedDisc_	B2
D9	CrenatedDisc_	CE52
D14	CrenatedDisc_	CE49
D16	CrenatedDisc_	A1
D32	CrenatedDisc_	D3
D29	CrenatedDisc_	A1
D39	CrenatedDisc_	E1
D2	CrenatedDisc_	A1
D29	CrenatedDisc_	CE50
D23	CrenatedDisc_	A1
D28	CrenatedDisc_	E1
D30	CrenatedDisc_	E1
D36	CrenatedDisc_	A1
D5	CrenatedDisc_	CE50
D14	CrenatedDisc_	H3
D2	CrenatedDisc_	F2
D14	CrenatedDisc_	CE52
D11	CrenatedDisc_	E1
D39	CrenatedDisc_	D3
D28	CrenatedDisc_	CE52
D42	CrenatedDisc_	CE47
D23	CrenatedDisc_	E1
D42	CrenatedDisc_	F2
D42	CrenatedDisc_	CE52
D28	CrenatedDisc_	A1
D16	CrenatedDisc_	CE49
D14	CrenatedDisc_	F2
D32	CrenatedDisc_	D3
D5	CrenatedDisc_	CE49
D28	CrenatedDisc_	A1
D2	CrenatedDisc_	A1
D9	CrenatedDisc_	A1
D21	CrenatedDisc_	E1
D18	CrenatedDisc_	CE52
D14	CrenatedDisc_	F2
D16	CrenatedDisc_	CE52
D42	CrenatedDisc_	CE49
D49	CrenatedDisc_	B2
D5	CrenatedDisc_	CE50
D29	CrenatedDisc_	A1
D2	CrenatedDisc_	CE49
D14	CrenatedDisc_	CE49
D42	CrenatedDisc_	F2
D5	CrenatedDisc_	CE49
D16	CrenatedDisc_	CE49
D28	CrenatedDisc_	A1
D11	CrenatedDisc_	CE52
D42	CrenatedDisc_	E1
D14	CrenatedDisc_	A1
D26	CrenatedDisc_	CE50
D37	CrenatedDisc_	E1
D42	CrenatedDisc_	H3
D42	CrenatedDisc_	H3
D28	CrenatedDisc_	E1
D39	CrenatedDisc_	E1
D36	CrenatedDisc_	A1
D42	CrenatedDisc_	H3
D32	CrenatedDisc_	CE52
D42	CrenatedDisc_	CE50
D5	CrenatedDisc_	CE50
D37	CrenatedDisc_	E1
D14	CrenatedDisc_	F2
D23	CrenatedDisc_	D3
D37	CrenatedDisc_	E1
D32	CrenatedDisc_	E1
D42	CrenatedDisc_	E1
D14	CrenatedDisc_	F2
D14	CrenatedDisc_	F2
D30	CrenatedDisc_	E1
D28	CrenatedDisc_	E1
D23	CrenatedDisc_	CE52
D16	CrenatedDisc_	A1
D14	CrenatedDisc_	D3
D18	CrenatedDisc_	E1
D11	CrenatedDisc_	CE52
D26	CrenatedDisc_	CE50
D23	CrenatedDisc_	D3
D2	CrenatedDisc_	A1
D16	CrenatedDisc_	CE52
D42	CrenatedDisc_	E1
D42	CrenatedDisc_	H3
D21	CrenatedDisc_	D3
D18	CrenatedDisc_	E1
D42	CrenatedDisc_	A1
D39	CrenatedDisc_	CE52
D18	CrenatedDisc_	CE52
D39	CrenatedDisc_	D3
D21	CrenatedDisc_	D3
D39	CrenatedDisc_	E1
D32	CrenatedDisc_	D3
D23	CrenatedDisc_	A1
D23	CrenatedDisc_	D3
D36	CrenatedDisc_	CE50
D2	CrenatedDisc_	H3
D26	CrenatedDisc_	CE50
D36	CrenatedDisc_	CE49
D23	CrenatedDisc_	CE52
D23	CrenatedDisc_	D3
D28	CrenatedDisc_	CE49
D2	CrenatedDisc_	H3
D32	CrenatedDisc_	D3
D23	CrenatedDisc_	E1
D28	CrenatedDisc_	D3
D32	CrenatedDisc_	D3
D16	CrenatedDisc_	D3
D42	CrenatedDisc_	A1
D23	CrenatedDisc_	CE50
D29	CrenatedDisc_	CE50
D2	CrenatedDisc_	A1
D14	CrenatedDisc_	CE49
D14	CrenatedDisc_	CE52
D23	CrenatedDisc_	CE49
D2	CrenatedDisc_	F2
D18	CrenatedDisc_	E1
D9	CrenatedDisc_	D3
D28	CrenatedDisc_	CE50
D39	CrenatedDisc_	D3
D14	CrenatedDisc_	A1
D2	CrenatedDisc_	CE49
D18	CrenatedDisc_	D3
D29	CrenatedDisc_	A1
D14	CrenatedDisc_	CE50
D42	CrenatedDisc_	E1
D9	CrenatedDisc_	E1
D14	CrenatedDisc_	H3
D29	CrenatedDisc_	CE49
D5	CrenatedDisc_	A1
D9	CrenatedDisc_	A1
D28	CrenatedDisc_	D3
D14	CrenatedDisc_	E1
D2	CrenatedDisc_	CE49
D14	CrenatedDisc_	A1
D9	CrenatedDisc_	CE49
D32	CrenatedDisc_	E1
D9	CrenatedDisc_	E1
D42	CrenatedDisc_	H3
D14	CrenatedDisc_	H3
D29	CrenatedDisc_	CE50
D42	CrenatedDisc_	F2
D2	CrenatedDisc_	H3
D42	CrenatedDisc_	CE49
D5	CrenatedDisc_	CE49
D42	CrenatedDisc_	H3
D18	CrenatedDisc_	E1
D39	CrenatedDisc_	D3
D14	CrenatedDisc_	D3
D16	CrenatedDisc_	E1
D39	CrenatedDisc_	E1
D14	CrenatedDisc_	H3
D30	CrenatedDisc_	E1
D23	CrenatedDisc_	CE50
D14	CrenatedDisc_	H3
D2	CrenatedDisc_	H3
D16	CrenatedDisc_	D3
D14	CrenatedDisc_	D3
D2	CrenatedDisc_	H3
D42	CrenatedDisc_	CE47
D42	CrenatedDisc_	F2
D16	CrenatedDisc_	CE52
D2	CrenatedDisc_	F2
D42	CrenatedDisc_	F2
D9	CrenatedDisc_	A1
D30	CrenatedDisc_	D3
D26	CrenatedDisc_	A1
D42	CrenatedDisc_	CE50
D28	CrenatedDisc_	CE50
D18	CrenatedDisc_	D3
D29	CrenatedDisc_	CE49
D16	CrenatedDisc_	CE52
D9	CrenatedDisc_	CE49
D28	CrenatedDisc_	D3
D23	CrenatedDisc_	A1
D29	CrenatedDisc_	CE49
D14	CrenatedDisc_	F2
D23	CrenatedDisc_	CE52
D28	CrenatedDisc_	A1
D21	CrenatedDisc_	CE52
D37	CrenatedDisc_	D3
D9	CrenatedDisc_	E1
D18	CrenatedDisc_	E1
D42	CrenatedDisc_	CE50
D9	CrenatedDisc_	E1
D49	CrenatedDisc_	B2
D28	CrenatedDisc_	D3
D9	CrenatedDisc_	CE49
D21	CrenatedDisc_	CE52
D30	CrenatedDisc_	E1
D49	CrenatedDisc_	B2
D32	CrenatedDisc_	D3
D16	CrenatedDisc_	CE50
D37	CrenatedDisc_	D3
D2	CrenatedDisc_	H3
D5	CrenatedDisc_	A1
D2	CrenatedDisc_	F2
D14	CrenatedDisc_	D3
D9	CrenatedDisc_	CE50
D9	CrenatedDisc_	CE50
D36	CrenatedDisc_	CE49
D42	CrenatedDisc_	F2
D42	CrenatedDisc_	F2
D2	CrenatedDisc_	H3
D42	CrenatedDisc_	F2
D37	CrenatedDisc_	D3
D37	CrenatedDisc_	D3
D39	CrenatedDisc_	E1
D42	CrenatedDisc_	CE50
D9	CrenatedDisc_	CE50
D9	CrenatedDisc_	CE50
D14	CrenatedDisc_	F2
D5	CrenatedDisc_	CE50
D42	CrenatedDisc_	F2
D32	CrenatedDisc_	D3
D37	CrenatedDisc_	E1
D36	CrenatedDisc_	A1
D30	CrenatedDisc_	CE52
D28	CrenatedDisc_	D3
D9	CrenatedDisc_	A1
D5	CrenatedDisc_	A1
D42	CrenatedDisc_	CE47
D9	CrenatedDisc_	CE50
D42	CrenatedDisc_	D3
D11	CrenatedDisc_	E1
D42	CrenatedDisc_	CE47
D39	CrenatedDisc_	E1
D39	CrenatedDisc_	CE52
D23	CrenatedDisc_	CE50
D16	CrenatedDisc_	A1
D11	CrenatedDisc_	D3
D29	CrenatedDisc_	A1
D2	CrenatedDisc_	H3
D42	CrenatedDisc_	A1
D37	CrenatedDisc_	CE52
D2	CrenatedDisc_	F2
D14	CrenatedDisc_	D3
D21	CrenatedDisc_	E1
D32	CrenatedDisc_	D3
D9	CrenatedDisc_	E1
D14	CrenatedDisc_	E1
D28	CrenatedDisc_	CE49
D16	CrenatedDisc_	A1
D49	CrenatedDisc_	B2
D21	CrenatedDisc_	D3
D14	CrenatedDisc_	F2
D42	CrenatedDisc_	H3
D14	CrenatedDisc_	CE49
D42	CrenatedDisc_	CE47
D2	CrenatedDisc_	F2
D28	CrenatedDisc_	CE49
D2	CrenatedDisc_	H3
D42	CrenatedDisc_	H3
D49	CrenatedDisc_	B2
D42	CrenatedDisc_	A1
D28	CrenatedDisc_	A1
D42	CrenatedDisc_	E1
D42	CrenatedDisc_	D3
D14	CrenatedDisc_	CE50
D37	CrenatedDisc_	E1
D21	CrenatedDisc_	D3
D16	CrenatedDisc_	D3
D30	CrenatedDisc_	E1
D42	CrenatedDisc_	H3
D37	CrenatedDisc_	CE52
D42	CrenatedDisc_	CE52
D11	CrenatedDisc_	E1
D14	CrenatedDisc_	D3
D16	CrenatedDisc_	E1
D9	CrenatedDisc_	CE50
D30	CrenatedDisc_	E1
D26	CrenatedDisc_	A1
D14	CrenatedDisc_	F2
D16	CrenatedDisc_	D3
D14	CrenatedDisc_	H3
D2	CrenatedDisc_	H3
D39	CrenatedDisc_	CE52
D36	CrenatedDisc_	A1
D9	CrenatedDisc_	D3
D36	CrenatedDisc_	A1
D36	CrenatedDisc_	CE49
D9	CrenatedDisc_	A1
D5	CrenatedDisc_	CE49
D39	CrenatedDisc_	CE52
D42	CrenatedDisc_	CE47
D28	CrenatedDisc_	A1
D5	CrenatedDisc_	CE49
D42	CrenatedDisc_	H3
D9	CrenatedDisc_	CE52
D29	CrenatedDisc_	A1
D36	CrenatedDisc_	CE50
D29	CrenatedDisc_	A1
D2	CrenatedDisc_	F2
D49	CrenatedDisc_	B2
D23	CrenatedDisc_	E1
D23	CrenatedDisc_	A1
D32	CrenatedDisc_	E1
D42	CrenatedDisc_	CE52
D14	CrenatedDisc_	H3
D26	CrenatedDisc_	A1
D9	CrenatedDisc_	CE50
D23	CrenatedDisc_	CE52
D30	CrenatedDisc_	D3
D32	CrenatedDisc_	D3
D49	CrenatedDisc_	B2
D28	CrenatedDisc_	E1
D16	CrenatedDisc_	CE49
D49	CrenatedDisc_	B2
D29	CrenatedDisc_	CE49
D28	CrenatedDisc_	A1
D30	CrenatedDisc_	E1
D42	CrenatedDisc_	CE47
D29	CrenatedDisc_	CE50
D37	CrenatedDisc_	E1
D9	CrenatedDisc_	D3
D39	CrenatedDisc_	E1
D32	CrenatedDisc_	E1
D42	CrenatedDisc_	CE47
D11	CrenatedDisc_	E1
D23	CrenatedDisc_	D3
D14	CrenatedDisc_	F2
D36	CrenatedDisc_	A1
D42	CrenatedDisc_	CE50
D39	CrenatedDisc_	E1
D9	CrenatedDisc_	E1
D5	CrenatedDisc_	A1
D2	CrenatedDisc_	F2
D21	CrenatedDisc_	E1
D23	CrenatedDisc_	E1
D28	CrenatedDisc_	E1
D16	CrenatedDisc_	A1
D14	CrenatedDisc_	H3
D23	CrenatedDisc_	CE49
D39	CrenatedDisc_	D3
D14	CrenatedDisc_	CE52
D30	CrenatedDisc_	CE52
D36	CrenatedDisc_	CE49
D5	CrenatedDisc_	CE49
D14	CrenatedDisc_	F2
D11	CrenatedDisc_	E1
D9	CrenatedDisc_	CE50
D29	CrenatedDisc_	A1
D28	CrenatedDisc_	CE52
D14	CrenatedDisc_	H3
D2	CrenatedDisc_	CE50
D42	CrenatedDisc_	CE47
D2	CrenatedDisc_	F2
D42	CrenatedDisc_	H3
D39	CrenatedDisc_	D3
D28	CrenatedDisc_	A1
D2	CrenatedDisc_	H3
D26	CrenatedDisc_	CE49
D29	CrenatedDisc_	CE49
D16	CrenatedDisc_	E1
D39	CrenatedDisc_	E1
D42	CrenatedDisc_	F2
D32	CrenatedDisc_	CE52
D2	CrenatedDisc_	CE49
D14	CrenatedDisc_	CE52
D36	CrenatedDisc_	A1
D39	CrenatedDisc_	D3
D42	CrenatedDisc_	H3
D5	CrenatedDisc_	A1
D32	CrenatedDisc_	CE52
D11	CrenatedDisc_	E1
D42	CrenatedDisc_	CE47
D2	CrenatedDisc_	H3
D29	CrenatedDisc_	CE49
D42	CrenatedDisc_	E1
D2	CrenatedDisc_	H3
D42	CrenatedDisc_	H3
D2	CrenatedDisc_	H3
D14	CrenatedDisc_	H3
D5	CrenatedDisc_	CE49
D42	CrenatedDisc_	CE49
D42	CrenatedDisc_	H3
D14	CrenatedDisc_	F2
D39	CrenatedDisc_	CE52
D11	CrenatedDisc_	CE52
D2	CrenatedDisc_	F2
D14	CrenatedDisc_	E1
D11	CrenatedDisc_	D3
D30	CrenatedDisc_	CE52
D49	CrenatedDisc_	B2
D42	CrenatedDisc_	E1
D30	CrenatedDisc_	CE52
D16	CrenatedDisc_	A1
D30	CrenatedDisc_	D3
D28	CrenatedDisc_	A1
D28	CrenatedDisc_	E1
D2	CrenatedDisc_	F2
D42	CrenatedDisc_	F2
D28	CrenatedDisc_	D3
D30	CrenatedDisc_	D3
D11	CrenatedDisc_	D3
D28	CrenatedDisc_	CE50
D42	CrenatedDisc_	CE47
D36	CrenatedDisc_	CE50
D29	CrenatedDisc_	A1
D23	CrenatedDisc_	CE49
D14	CrenatedDisc_	A1
D42	CrenatedDisc_	H3
D14	CrenatedDisc_	F2
D28	CrenatedDisc_	CE50
D23	CrenatedDisc_	CE52
D16	CrenatedDisc_	D3
D49	CrenatedDisc_	B2
D23	CrenatedDisc_	D3
D14	CrenatedDisc_	H3
D2	CrenatedDisc_	H3
D49	CrenatedDisc_	B2
D14	CrenatedDisc_	F2
D23	CrenatedDisc_	E1
D29	CrenatedDisc_	A1
D28	CrenatedDisc_	A1
D2	CrenatedDisc_	F2
D26	CrenatedDisc_	CE49
D32	CrenatedDisc_	D3
D14	CrenatedDisc_	E1
D9	CrenatedDisc_	E1
D29	CrenatedDisc_	CE49
D49	CrenatedDisc_	B2
D18	CrenatedDisc_	CE52
D42	CrenatedDisc_	F2
D39	CrenatedDisc_	D3
D21	CrenatedDisc_	CE52
D30	CrenatedDisc_	E1
D49	CrenatedDisc_	B2
D2	CrenatedDisc_	F2
D2	CrenatedDisc_	F2
D42	CrenatedDisc_	H3
D14	CrenatedDisc_	A1
D14	CrenatedDisc_	F2
D21	CrenatedDisc_	D3
D14	CrenatedDisc_	CE49
D5	CrenatedDisc_	CE49
D42	CrenatedDisc_	CE47
D2	CrenatedDisc_	CE50
D11	CrenatedDisc_	D3
D21	CrenatedDisc_	D3
D18	CrenatedDisc_	CE52
D18	CrenatedDisc_	D3
D32	CrenatedDisc_	E1
D9	CrenatedDisc_	CE52
D14	CrenatedDisc_	F2
D21	CrenatedDisc_	D3
D14	CrenatedDisc_	H3
D5	CrenatedDisc_	A1
D14	CrenatedDisc_	H3
D9	CrenatedDisc_	CE52
D16	CrenatedDisc_	CE49
D16	CrenatedDisc_	A1
D14	CrenatedDisc_	H3
D32	CrenatedDisc_	D3
D2	CrenatedDisc_	F2
D5	CrenatedDisc_	A1
D42	CrenatedDisc_	CE50
D16	CrenatedDisc_	CE50
D28	CrenatedDisc_	A1
D36	CrenatedDisc_	CE50
D18	CrenatedDisc_	CE52
D29	CrenatedDisc_	CE49
D23	CrenatedDisc_	A1
D14	CrenatedDisc_	H3
D2	CrenatedDisc_	CE50
D28	CrenatedDisc_	CE49
D9	CrenatedDiscoid	A1
D32	CrenatedDiscoid	CE52
D42	CrenatedDiscoid	F2
D39	CrenatedDiscoid	D3
D5	CrenatedDiscoid	CE50
D23	CrenatedDiscoid	CE50
D18	CrenatedDiscoid	E1
D2	CrenatedDiscoid	F2
D39	CrenatedDiscoid	CE52
D16	CrenatedDiscoid	A1
D9	CrenatedDiscoid	CE49
D42	CrenatedDiscoid	F2
D16	CrenatedDiscoid	CE52
D32	CrenatedDiscoid	CE52
D9	CrenatedDiscoid	A1
D14	CrenatedDiscoid	H3
D14	CrenatedDiscoid	F2
D37	CrenatedDiscoid	D3
D14	CrenatedDiscoid	CE50
D2	CrenatedDiscoid	CE49
D5	CrenatedDiscoid	CE49
D9	CrenatedDiscoid	E1
D42	CrenatedDiscoid	CE47
D5	CrenatedDiscoid	CE49
D37	CrenatedDiscoid	D3
D36	CrenatedDiscoid	CE49
D42	CrenatedDiscoid	D3
D14	CrenatedDiscoid	D3
D14	CrenatedDiscoid	H3
D42	CrenatedDiscoid	CE47
D9	CrenatedDiscoid	CE49
D21	CrenatedDiscoid	D3
D18	CrenatedDiscoid	CE52
D42	CrenatedDiscoid	CE47
D29	CrenatedDiscoid	A1
D9	CrenatedDiscoid	D3
D5	CrenatedDiscoid	A1
D29	CrenatedDiscoid	CE49
D23	CrenatedDiscoid	CE52
D23	CrenatedDiscoid	A1
D42	CrenatedDiscoid	E1
D49	CrenatedDiscoid	B2
D9	CrenatedDiscoid	D3
D29	CrenatedDiscoid	CE49
D14	CrenatedDiscoid	D3
D49	CrenatedDiscoid	B2
D42	CrenatedDiscoid	D3
D42	CrenatedDiscoid	D3
D14	CrenatedDiscoid	E1
D28	CrenatedDiscoid	CE50
D2	CrenatedDiscoid	CE49
D28	CrenatedDiscoid	A1
D37	CrenatedDiscoid	D3
D18	CrenatedDiscoid	E1
D49	CrenatedDiscoid	B2
D42	CrenatedDiscoid	CE52
D28	CrenatedDiscoid	CE50
D14	CrenatedDiscoid	F2
D21	CrenatedDiscoid	E1
D32	CrenatedDiscoid	E1
D42	CrenatedDiscoid	E1
D14	CrenatedDiscoid	F2
D42	CrenatedDiscoid	E1
D14	CrenatedDiscoid	H3
D21	CrenatedDiscoid	E1
D26	CrenatedDiscoid	CE49
D42	CrenatedDiscoid	CE49
D2	CrenatedDiscoid	H3
D2	CrenatedDiscoid	F2
D14	CrenatedDiscoid	D3
D49	CrenatedDiscoid	B2
D9	CrenatedDiscoid	CE50
D23	CrenatedDiscoid	CE52
D2	CrenatedDiscoid	F2
D23	CrenatedDiscoid	CE52
D23	CrenatedDiscoid	D3
D42	CrenatedDiscoid	CE47
D39	CrenatedDiscoid	E1
D49	CrenatedDiscoid	B2
D28	CrenatedDiscoid	CE52
D42	CrenatedDiscoid	F2
D18	CrenatedDiscoid	E1
D9	CrenatedDiscoid	D3
D16	CrenatedDiscoid	E1
D14	CrenatedDiscoid	A1
D26	CrenatedDiscoid	CE50
D5	CrenatedDiscoid	CE50
D39	CrenatedDiscoid	D3
D30	CrenatedDiscoid	CE52
D9	CrenatedDiscoid	A1
D14	CrenatedDiscoid	CE52
D21	CrenatedDiscoid	CE52
D30	CrenatedDiscoid	D3
D23	CrenatedDiscoid	CE49
D18	CrenatedDiscoid	E1
D42	CrenatedDiscoid	H3
D14	CrenatedDiscoid	F2
D29	CrenatedDiscoid	CE49
D5	CrenatedDiscoid	CE50
D11	CrenatedDiscoid	D3
D2	CrenatedDiscoid	A1
D2	CrenatedDiscoid	F2
D42	CrenatedDiscoid	F2
D11	CrenatedDiscoid	D3
D2	CrenatedDiscoid	F2
D16	CrenatedDiscoid	D3
D28	CrenatedDiscoid	D3
D14	CrenatedDiscoid	CE50
D42	CrenatedDiscoid	E1
D32	CrenatedDiscoid	CE52
D28	CrenatedDiscoid	CE49
D37	CrenatedDiscoid	D3
D14	CrenatedDiscoid	F2
D11	CrenatedDiscoid	E1
D37	CrenatedDiscoid	CE52
D28	CrenatedDiscoid	CE50
D18	CrenatedDiscoid	D3
D11	CrenatedDiscoid	D3
D23	CrenatedDiscoid	CE52
D42	CrenatedDiscoid	F2
D16	CrenatedDiscoid	D3
D28	CrenatedDiscoid	E1
D42	CrenatedDiscoid	F2
D14	CrenatedDiscoid	H3
D14	CrenatedDiscoid	F2
D29	CrenatedDiscoid	CE50
D36	CrenatedDiscoid	CE50
D21	CrenatedDiscoid	D3
D14	CrenatedDiscoid	F2
D37	CrenatedDiscoid	E1
D9	CrenatedDiscoid	A1
D16	CrenatedDiscoid	CE52
D42	CrenatedDiscoid	H3
D28	CrenatedDiscoid	CE50
D16	CrenatedDiscoid	CE50
D36	CrenatedDiscoid	A1
D14	CrenatedDiscoid	CE50
D21	CrenatedDiscoid	CE52
D9	CrenatedDiscoid	D3
D26	CrenatedDiscoid	CE50
D42	CrenatedDiscoid	A1
D18	CrenatedDiscoid	CE52
D42	CrenatedDiscoid	A1
D2	CrenatedDiscoid	F2
D39	CrenatedDiscoid	E1
D42	CrenatedDiscoid	F2
D29	CrenatedDiscoid	CE50
D16	CrenatedDiscoid	CE49
D2	CrenatedDiscoid	F2
D28	CrenatedDiscoid	CE50
D9	CrenatedDiscoid	CE49
D29	CrenatedDiscoid	CE49
D30	CrenatedDiscoid	E1
D42	CrenatedDiscoid	CE49
D5	CrenatedDiscoid	CE49
D36	CrenatedDiscoid	A1
D39	CrenatedDiscoid	E1
D2	CrenatedDiscoid	H3
D26	CrenatedDiscoid	CE50
D5	CrenatedDiscoid	CE49
D36	CrenatedDiscoid	CE50
D11	CrenatedDiscoid	D3
D49	CrenatedDiscoid	B2
D11	CrenatedDiscoid	E1
D30	CrenatedDiscoid	E1
D29	CrenatedDiscoid	CE49
D26	CrenatedDiscoid	CE50
D2	CrenatedDiscoid	H3
D16	CrenatedDiscoid	CE50
D28	CrenatedDiscoid	CE50
D5	CrenatedDiscoid	CE50
D39	CrenatedDiscoid	D3
D14	CrenatedDiscoid	A1
D18	CrenatedDiscoid	D3
D14	CrenatedDiscoid	H3
D2	CrenatedDiscoid	A1
D2	CrenatedDiscoid	CE49
D14	CrenatedDiscoid	A1
D42	CrenatedDiscoid	CE47
D2	CrenatedDiscoid	A1
D16	CrenatedDiscoid	D3
D36	CrenatedDiscoid	CE50
D18	CrenatedDiscoid	CE52
D2	CrenatedDiscoid	H3
D28	CrenatedDiscoid	A1
D36	CrenatedDiscoid	CE50
D42	CrenatedDiscoid	D3
D5	CrenatedDiscoid	CE50
D49	CrenatedDiscoid	B2
D2	CrenatedDiscoid	A1
D36	CrenatedDiscoid	CE49
D23	CrenatedDiscoid	CE52
D9	CrenatedDiscoid	E1
D36	CrenatedDiscoid	CE50
D29	CrenatedDiscoid	A1
D29	CrenatedDiscoid	CE49
D14	CrenatedDiscoid	F2
D42	CrenatedDiscoid	H3
D14	CrenatedDiscoid	H3
D26	CrenatedDiscoid	A1
D23	CrenatedDiscoid	E1
D26	CrenatedDiscoid	CE50
D21	CrenatedDiscoid	E1
D18	CrenatedDiscoid	CE52
D28	CrenatedDiscoid	A1
D23	CrenatedDiscoid	CE49
D42	CrenatedDiscoid	F2
D14	CrenatedDiscoid	H3
D42	CrenatedDiscoid	H3
D11	CrenatedDiscoid	D3
D5	CrenatedDiscoid	A1
D2	CrenatedDiscoid	A1
D9	CrenatedDiscoid	CE50
D2	CrenatedDiscoid	H3
D39	CrenatedDiscoid	D3
D18	CrenatedDiscoid	E1
D16	CrenatedDiscoid	CE49
D5	CrenatedDiscoid	CE49
D18	CrenatedDiscoid	E1
D5	CrenatedDiscoid	CE49
D28	CrenatedDiscoid	D3
D32	CrenatedDiscoid	D3
D30	CrenatedDiscoid	E1
D28	CrenatedDiscoid	CE50
D14	CrenatedDiscoid	A1
D2	CrenatedDiscoid	F2
D14	CrenatedDiscoid	E1
D16	CrenatedDiscoid	A1
D9	CrenatedDiscoid	E1
D16	CrenatedDiscoid	A1
D5	CrenatedDiscoid	A1
D29	CrenatedDiscoid	A1
D39	CrenatedDiscoid	CE52
D42	CrenatedDiscoid	CE52
D39	CrenatedDiscoid	D3
D36	CrenatedDiscoid	CE50
D9	CrenatedDiscoid	D3
D14	CrenatedDiscoid	CE50
D5	CrenatedDiscoid	A1
D23	CrenatedDiscoid	A1
D5	CrenatedDiscoid	CE49
D28	CrenatedDiscoid	CE50
D36	CrenatedDiscoid	A1
D2	CrenatedDiscoid	CE49
D14	CrenatedDiscoid	CE50
D42	CrenatedDiscoid	CE47
D21	CrenatedDiscoid	D3
D14	CrenatedDiscoid	CE49
D42	CrenatedDiscoid	F2
D14	CrenatedDiscoid	CE50
D9	CrenatedDiscoid	CE49
D39	CrenatedDiscoid	CE52
D9	CrenatedDiscoid	D3
D23	CrenatedDiscoid	A1
D42	CrenatedDiscoid	F2
D14	CrenatedDiscoid	F2
D39	CrenatedDiscoid	E1
D14	CrenatedDiscoid	H3
D2	CrenatedDiscoid	F2
D42	CrenatedDiscoid	CE47
D37	CrenatedDiscoid	CE52
D42	CrenatedDiscoid	E1
D42	CrenatedDiscoid	CE50
D28	CrenatedDiscoid	A1
D42	CrenatedDiscoid	F2
D14	CrenatedDiscoid	A1
D49	CrenatedDiscoid	B2
D26	CrenatedDiscoid	CE49
D39	CrenatedDiscoid	CE52
D5	CrenatedDiscoid	A1
D37	CrenatedDiscoid	E1
D9	CrenatedDiscoid	E1
D9	CrenatedDiscoid	CE50
D11	CrenatedDiscoid	E1
D42	CrenatedDiscoid	D3
D32	CrenatedDiscoid	CE52
D16	CrenatedDiscoid	CE50
D42	CrenatedDiscoid	F2
D28	CrenatedDiscoid	D3
D36	CrenatedDiscoid	CE50
D26	CrenatedDiscoid	CE50
D42	CrenatedDiscoid	CE47
D42	CrenatedDiscoid	CE47
D14	CrenatedDiscoid	H3
D29	CrenatedDiscoid	A1
D32	CrenatedDiscoid	D3
D42	CrenatedDiscoid	F2
D21	CrenatedDiscoid	D3
D29	CrenatedDiscoid	A1
D23	CrenatedDiscoid	CE52
D16	CrenatedDiscoid	D3
D9	CrenatedDiscoid	CE52
D16	CrenatedDiscoid	A1
D32	CrenatedDiscoid	CE52
D23	CrenatedDiscoid	CE49
D32	CrenatedDiscoid	E1
D2	CrenatedDiscoid	H3
D16	CrenatedDiscoid	CE49
D36	CrenatedDiscoid	CE50
D26	CrenatedDiscoid	A1
D28	CrenatedDiscoid	CE50
D42	CrenatedDiscoid	A1
D32	CrenatedDiscoid	D3
D30	CrenatedDiscoid	CE52
D16	CrenatedDiscoid	CE50
D23	CrenatedDiscoid	CE52
D11	CrenatedDiscoid	CE52
D49	CrenatedDiscoid	B2
D14	CrenatedDiscoid	F2
D14	CrenatedDiscoid	CE50
D5	CrenatedDiscoid	A1
D2	CrenatedDiscoid	CE49
D11	CrenatedDiscoid	D3
D28	CrenatedDiscoid	E1
D14	CrenatedDiscoid	F2
D36	CrenatedDiscoid	CE49
D2	CrenatedDiscoid	H3
D14	CrenatedDiscoid	D3
D23	CrenatedDiscoid	D3
D42	CrenatedDiscoid	A1
D14	CrenatedDiscoid	H3
D14	CrenatedDiscoid	E1
D9	CrenatedDiscoid	CE49
D11	CrenatedDiscoid	D3
D36	CrenatedDiscoid	CE49
D49	CrenatedDiscoid	B2
D9	CrenatedDiscoid	CE49
D16	CrenatedDiscoid	CE49
D11	CrenatedDiscoid	E1
D9	CrenatedDiscoid	A1
D49	CrenatedDiscoid	B2
D14	CrenatedDiscoid	E1
D28	CrenatedDiscoid	CE50
D9	CrenatedDiscoid	A1
D42	CrenatedDiscoid	CE49
D2	CrenatedDiscoid	CE50
D37	CrenatedDiscoid	E1
D26	CrenatedDiscoid	CE50
D39	CrenatedDiscoid	E1
D49	CrenatedDiscoid	B2
D9	CrenatedDiscoid	D3
D29	CrenatedDiscoid	CE49
D16	CrenatedDiscoid	CE50
D14	CrenatedDiscoid	CE50
D39	CrenatedDiscoid	E1
D21	CrenatedDiscoid	D3
D16	CrenatedDiscoid	CE52
D21	CrenatedDiscoid	CE52
D14	CrenatedDiscoid	F2
D36	CrenatedDiscoid	CE50
D42	CrenatedDiscoid	D3
D14	CrenatedDiscoid	F2
D14	CrenatedDiscoid	H3
D16	CrenatedDiscoid	CE52
D28	CrenatedDiscoid	CE52
D42	CrenatedDiscoid	E1
D14	CrenatedDiscoid	F2
D14	CrenatedDiscoid	H3
D9	CrenatedDiscoid	A1
D16	CrenatedDiscoid	CE50
D9	CrenatedDiscoid	CE50
D26	CrenatedDiscoid	CE50
D9	CrenatedDiscoid	CE49
D2	CrenatedDiscoid	H3
D26	CrenatedDiscoid	CE49
D2	CrenatedDiscoid	CE50
D28	CrenatedDiscoid	A1
D29	CrenatedDiscoid	CE50
D42	CrenatedDiscoid	CE47
D23	CrenatedDiscoid	A1
D14	CrenatedDiscoid	A1
D26	CrenatedDiscoid	A1
D2	CrenatedDiscoid	F2
D14	CrenatedDiscoid	F2
D29	CrenatedDiscoid	CE49
D29	CrenatedDiscoid	CE50
D28	CrenatedDiscoid	CE52
D18	CrenatedDiscoid	CE52
D42	CrenatedDiscoid	H3
D42	CrenatedDiscoid	F2
D14	CrenatedDiscoid	F2
D36	CrenatedDiscoid	CE50
D37	CrenatedDiscoid	CE52
D5	CrenatedDiscoid	CE49
D29	CrenatedDiscoid	CE50
D2	CrenatedDiscoid	F2
D29	CrenatedDiscoid	CE50
D42	CrenatedDiscoid	F2
D14	CrenatedDiscoid	A1
D14	CrenatedDiscoid	H3
D42	CrenatedDiscoid	F2
D42	CrenatedDiscoid	D3
D30	CrenatedDiscoid	CE52
D28	CrenatedDiscoid	CE49
D42	CrenatedDiscoid	H3
D29	CrenatedDiscoid	CE50
D30	CrenatedDiscoid	D3
D18	CrenatedDiscoid	E1
D36	CrenatedDiscoid	A1
D28	CrenatedDiscoid	CE52
D21	CrenatedDiscoid	D3
D5	CrenatedDiscoid	A1
D36	CrenatedDiscoid	A1
D2	CrenatedDiscoid	F2
D28	CrenatedDiscoid	E1
D29	CrenatedDiscoid	CE50
D23	CrenatedDiscoid	CE50
D36	CrenatedDiscoid	CE50
D16	CrenatedDiscoid	CE50
D36	CrenatedDiscoid	CE49
D39	CrenatedDiscoid	CE52
D42	CrenatedDiscoid	F2
D2	CrenatedDiscoid	F2
D29	CrenatedDiscoid	A1
D14	CrenatedDiscoid	F2
D42	CrenatedDiscoid	CE50
D28	CrenatedDiscoid	CE50
D14	CrenatedDiscoid	H3
D30	CrenatedDiscoid	CE52
D16	CrenatedDiscoid	E1
D14	CrenatedDiscoid	CE52
D9	CrenatedDiscoid	CE50
D5	CrenatedDiscoid	A1
D42	CrenatedDiscoid	CE47
D9	CrenatedDiscoid	D3
D16	CrenatedDiscoid	A1
D36	CrenatedDiscoid	CE49
D14	CrenatedDiscoid	F2
D30	CrenatedDiscoid	D3
D32	CrenatedDiscoid	E1
D11	CrenatedDiscoid	CE52
D30	CrenatedDiscoid	E1
D2	CrenatedDiscoid	F2
D16	CrenatedDiscoid	CE49
D42	CrenatedDiscoid	CE47
D2	CrenatedDiscoid	F2
D2	CrenatedDiscoid	A1
D42	CrenatedDiscoid	H3
D16	CrenatedDiscoid	A1
D9	CrenatedDiscoid	D3
D37	CrenatedDiscoid	CE52
D28	CrenatedDiscoid	CE50
D49	CrenatedDiscoid	B2
D14	CrenatedDiscoid	D3
D16	CrenatedDiscoid	E1
D26	CrenatedDiscoid	A1
D26	CrenatedDiscoid	CE50
D2	CrenatedDiscoid	F2
D32	CrenatedDiscoid	D3
D28	CrenatedDiscoid	D3
D28	CrenatedDiscoid	D3
D14	CrenatedDiscoid	E1
D49	CrenatedDiscoid	B2
D14	CrenatedDiscoid	F2
D14	CrenatedDiscoid	D3
D28	CrenatedDiscoid	CE50
D21	CrenatedDiscoid	D3
D42	CrenatedDiscoid	A1
D14	CrenatedDiscoid	H3
D2	CrenatedDiscoid	H3
D37	CrenatedDiscoid	D3
D21	CrenatedDiscoid	D3
D21	CrenatedDiscoid	CE52
D14	CrenatedDiscoid	D3
D28	CrenatedDiscoid	A1
D42	CrenatedDiscoid	CE47
D49	CrenatedDiscoid	B2
D11	CrenatedDiscoid	E1
D21	CrenatedDiscoid	E1
D18	CrenatedDiscoid	D3
D29	CrenatedDiscoid	A1
D9	CrenatedDiscoid	A1
D37	CrenatedDiscoid	CE52
D42	CrenatedDiscoid	F2
D16	CrenatedDiscoid	E1
D5	CrenatedDiscoid	A1
D5	CrenatedDiscoid	A1
D5	CrenatedDiscoid	CE49
D5	CrenatedDiscoid	CE49
D30	CrenatedDiscoid	CE52
D14	CrenatedDiscoid	CE49
D28	CrenatedDiscoid	CE52
D14	CrenatedDiscoid	F2
D16	CrenatedDiscoid	A1
D2	CrenatedDiscoid	CE50
D42	CrenatedDiscoid	H3
D32	CrenatedDiscoid	D3
D14	CrenatedDiscoid	CE52
D16	CrenatedDiscoid	A1
D5	CrenatedDiscoid	A1
D21	CrenatedDiscoid	E1
D11	CrenatedDiscoid	E1
D26	CrenatedDiscoid	A1
D37	CrenatedDiscoid	D3
D30	CrenatedDiscoid	E1
D18	CrenatedDiscoid	E1
D14	CrenatedDiscoid	CE52
D18	CrenatedDiscoid	D3
D11	CrenatedDiscoid	D3
D14	CrenatedDiscoid	F2
D39	CrenatedDiscoid	D3
D30	CrenatedDiscoid	D3
D36	CrenatedDiscoid	CE49
D2	CrenatedDiscoid	H3
D42	CrenatedDiscoid	F2
D29	CrenatedDiscoid	CE49
D11	CrenatedDiscoid	CE52
D37	CrenatedDiscoid	D3
D16	CrenatedDiscoid	CE49
D26	CrenatedDiscoid	CE49
D21	CrenatedDiscoid	D3
D42	CrenatedDiscoid	CE52
D14	CrenatedDiscoid	CE52
D2	CrenatedDiscoid	CE49
D2	CrenatedDiscoid	CE49
D14	CrenatedDiscoid	H3
D14	CrenatedDiscoid	E1
D23	CrenatedDiscoid	CE50
D28	CrenatedDiscoid	CE49
D36	CrenatedDiscoid	CE50
D42	CrenatedDiscoid	CE50
D37	CrenatedDiscoid	CE52
D9	CrenatedDiscoid	CE52
D5	CrenatedDiscoid	CE49
D42	CrenatedDiscoid	CE47
D42	CrenatedDiscoid	H3
D2	CrenatedDiscoid	H3
D42	CrenatedDiscoid	H3
D42	CrenatedDiscoid	CE49
D14	CrenatedDiscoid	F2
D23	CrenatedDiscoid	CE49
D39	CrenatedDiscoid	CE52
D42	CrenatedDiscoid	H3
D14	CrenatedDiscoid	D3
D29	CrenatedDiscoid	CE50
D14	CrenatedDiscoid	F2
D26	CrenatedDiscoid	CE49
D42	CrenatedDiscoid	F2
D49	CrenatedDiscoid	B2
D42	CrenatedDiscoid	H3
D14	CrenatedDiscoid	F2
D49	CrenatedDiscoid	B2
D14	CrenatedDiscoid	F2
D2	CrenatedDiscoid	CE49
D18	CrenatedDiscoid	D3
D42	CrenatedDiscoid	F2
D2	CrenatedDiscoid	H3
D36	CrenatedDiscoid	A1
D11	CrenatedDiscoid	D3
D26	CrenatedDiscoid	CE49
D18	CrenatedDiscoid	E1
D42	CrenatedDiscoid	D3
D21	CrenatedDiscoid	CE52
D26	CrenatedDiscoid	CE50
D26	CrenatedDiscoid	A1
D42	CrenatedSphere	A1
D14	CrenatedSphere	E1
D49	CrenatedSphere	B2
D23	CrenatedSphere	E1
D37	CrenatedSphere	D3
D21	CrenatedSphere	D3
D32	CrenatedSphere	CE52
D28	CrenatedSphere	CE49
D11	CrenatedSphere	E1
D49	CrenatedSphere	B2
D26	CrenatedSphere	CE50
D32	CrenatedSphere	E1
D42	CrenatedSphere	A1
D18	CrenatedSphere	E1
D9	CrenatedSphere	E1
D18	CrenatedSphere	D3
D9	CrenatedSphere	CE50
D49	CrenatedSphere	B2
D39	CrenatedSphere	E1
D39	CrenatedSphere	CE52
D39	CrenatedSphere	E1
D49	CrenatedSphere	B2
D11	CrenatedSphere	E1
D37	CrenatedSphere	E1
D11	CrenatedSphere	E1
D36	CrenatedSphere	CE49
D9	CrenatedSphere	CE52
D36	CrenatedSphere	CE49
D2	CrenatedSphere	F2
D37	CrenatedSphere	E1
D42	CrenatedSphere	CE52
D29	CrenatedSphere	A1
D42	CrenatedSphere	E1
D11	CrenatedSphere	E1
D29	CrenatedSphere	CE49
D5	CrenatedSphere	CE49
D30	CrenatedSphere	E1
D42	CrenatedSphere	CE47
D42	CrenatedSphere	CE47
D2	CrenatedSphere	CE49
D16	CrenatedSphere	A1
D49	CrenatedSphere	B2
D32	CrenatedSphere	CE52
D42	CrenatedSphere	H3
D26	CrenatedSphere	CE49
D36	CrenatedSphere	CE50
D28	CrenatedSphere	A1
D28	CrenatedSphere	CE49
D14	CrenatedSphere	CE52
D42	CrenatedSphere	CE50
D42	CrenatedSphere	CE52
D26	CrenatedSphere	CE50
D23	CrenatedSphere	CE50
D30	CrenatedSphere	E1
D42	CrenatedSphere	CE47
D32	CrenatedSphere	CE52
D28	CrenatedSphere	CE52
D14	CrenatedSphere	F2
D39	CrenatedSphere	E1
D16	CrenatedSphere	CE49
D49	CrenatedSphere	B2
D14	CrenatedSphere	CE50
D23	CrenatedSphere	D3
D36	CrenatedSphere	CE49
D30	CrenatedSphere	CE52
D29	CrenatedSphere	CE49
D14	CrenatedSphere	H3
D28	CrenatedSphere	CE52
D42	CrenatedSphere	F2
D30	CrenatedSphere	D3
D42	CrenatedSphere	D3
D28	CrenatedSphere	E1
D23	CrenatedSphere	CE50
D37	CrenatedSphere	E1
D2	CrenatedSphere	H3
D28	CrenatedSphere	E1
D42	CrenatedSphere	CE52
D36	CrenatedSphere	CE50
D42	CrenatedSphere	CE49
D32	CrenatedSphere	CE52
D30	CrenatedSphere	CE52
D14	CrenatedSphere	CE52
D42	CrenatedSphere	CE47
D37	CrenatedSphere	CE52
D39	CrenatedSphere	CE52
D16	CrenatedSphere	A1
D23	CrenatedSphere	E1
D42	CrenatedSphere	A1
D21	CrenatedSphere	CE52
D42	CrenatedSphere	CE47
D42	CrenatedSphere	E1
D23	CrenatedSphere	D3
D16	CrenatedSphere	A1
D26	CrenatedSphere	A1
D21	CrenatedSphere	E1
D14	CrenatedSphere	E1
D16	CrenatedSphere	CE49
D28	CrenatedSphere	A1
D28	CrenatedSphere	CE52
D42	CrenatedSphere	CE50
D29	CrenatedSphere	CE50
D39	CrenatedSphere	D3
D29	CrenatedSphere	CE50
D16	CrenatedSphere	A1
D14	CrenatedSphere	F2
D23	CrenatedSphere	A1
D18	CrenatedSphere	E1
D42	CrenatedSphere	CE47
D9	CrenatedSphere	CE50
D9	CrenatedSphere	E1
D9	CrenatedSphere	CE49
D37	CrenatedSphere	E1
D28	CrenatedSphere	A1
D42	CrenatedSphere	A1
D36	CrenatedSphere	CE50
D28	CrenatedSphere	CE52
D49	CrenatedSphere	B2
D39	CrenatedSphere	D3
D32	CrenatedSphere	E1
D32	CrenatedSphere	E1
D42	CrenatedSphere	CE47
D23	CrenatedSphere	E1
D9	CrenatedSphere	E1
D23	CrenatedSphere	CE50
D32	CrenatedSphere	CE52
D29	CrenatedSphere	CE50
D28	CrenatedSphere	CE50
D21	CrenatedSphere	CE52
D32	CrenatedSphere	E1
D23	CrenatedSphere	A1
D42	CrenatedSphere	CE47
D42	CrenatedSphere	E1
D42	CrenatedSphere	CE47
D42	CrenatedSphere	CE50
D42	CrenatedSphere	F2
D37	CrenatedSphere	E1
D9	CrenatedSphere	CE50
D29	CrenatedSphere	CE50
D2	CrenatedSphere	H3
D32	CrenatedSphere	E1
D16	CrenatedSphere	CE49
D23	CrenatedSphere	CE49
D28	CrenatedSphere	E1
D36	CrenatedSphere	A1
D30	CrenatedSphere	CE52
D14	CrenatedSphere	F2
D16	CrenatedSphere	E1
D37	CrenatedSphere	CE52
D16	CrenatedSphere	E1
D30	CrenatedSphere	CE52
D39	CrenatedSphere	E1
D30	CrenatedSphere	D3
D42	CrenatedSphere	F2
D5	CrenatedSphere	CE49
D28	CrenatedSphere	E1
D16	CrenatedSphere	CE49
D30	CrenatedSphere	E1
D29	CrenatedSphere	CE49
D9	CrenatedSphere	CE49
D42	CrenatedSphere	CE49
D42	CrenatedSphere	CE52
D42	CrenatedSphere	CE47
D9	CrenatedSphere	CE52
D14	CrenatedSphere	F2
D37	CrenatedSphere	E1
D39	CrenatedSphere	E1
D42	CrenatedSphere	A1
D42	CrenatedSphere	A1
D42	CrenatedSphere	CE49
D29	CrenatedSphere	CE49
D32	CrenatedSphere	CE52
D28	CrenatedSphere	E1
D30	CrenatedSphere	E1
D29	CrenatedSphere	CE50
D32	CrenatedSphere	CE52
D26	CrenatedSphere	CE49
D32	CrenatedSphere	CE52
D26	CrenatedSphere	CE49
D23	CrenatedSphere	CE50
D28	CrenatedSphere	D3
D14	CrenatedSphere	E1
D42	CrenatedSphere	CE47
D37	CrenatedSphere	E1
D39	CrenatedSphere	CE52
D37	CrenatedSphere	D3
D42	CrenatedSphere	A1
D42	CrenatedSphere	CE47
D14	CrenatedSphere	E1
D42	CrenatedSphere	CE47
D37	CrenatedSphere	CE52
D23	CrenatedSphere	E1
D42	CrenatedSphere	CE50
D29	CrenatedSphere	CE49
D23	CrenatedSphere	A1
D14	CrenatedSphere	H3
D42	CrenatedSphere	CE47
D42	CrenatedSphere	CE47
D32	CrenatedSphere	E1
D42	CrenatedSphere	CE47
D36	CrenatedSphere	CE50
D39	CrenatedSphere	E1
D26	CrenatedSphere	CE50
D30	CrenatedSphere	CE52
D42	CrenatedSphere	A1
D42	CrenatedSphere	CE47
D42	CrenatedSphere	CE47
D29	CrenatedSphere	CE49
D42	CrenatedSphere	CE47
D32	CrenatedSphere	E1
D42	CrenatedSphere	CE49
D28	CrenatedSphere	CE50
D37	CrenatedSphere	D3
D49	CrenatedSphere	B2
D37	CrenatedSphere	CE52
D30	CrenatedSphere	CE52
D21	CrenatedSphere	CE52
D42	CrenatedSphere	F2
D42	CrenatedSphere	F2
D26	CrenatedSphere	CE49
D37	CrenatedSphere	CE52
D28	CrenatedSphere	CE49
D42	CrenatedSphere	CE47
D39	CrenatedSphere	E1
D42	CrenatedSphere	E1
D32	CrenatedSphere	E1
D26	CrenatedSphere	A1
D28	CrenatedSphere	CE52
D29	CrenatedSphere	CE49
D42	CrenatedSphere	CE52
D36	CrenatedSphere	CE49
D42	CrenatedSphere	F2
D14	CrenatedSphere	E1
D42	CrenatedSphere	CE47
D29	CrenatedSphere	A1
D11	CrenatedSphere	E1
D14	CrenatedSphere	E1
D29	CrenatedSphere	A1
D23	CrenatedSphere	CE49
D36	CrenatedSphere	CE50
D29	CrenatedSphere	CE49
D9	CrenatedSphere	CE52
D32	CrenatedSphere	E1
D23	CrenatedSphere	CE50
D42	CrenatedSphere	H3
D42	CrenatedSphere	H3
D49	CrenatedSphere	B2
D42	CrenatedSphere	CE47
D14	CrenatedSphere	F2
D49	CrenatedSphere	B2
D49	CrenatedSphere	B2
D26	CrenatedSphere	CE50
D21	CrenatedSphere	E1
D30	CrenatedSphere	E1
D37	CrenatedSphere	CE52
D42	CrenatedSphere	A1
D26	CrenatedSphere	CE49
D36	CrenatedSphere	CE49
D42	CrenatedSphere	F2
D30	CrenatedSphere	D3
D21	CrenatedSphere	E1
D42	CrenatedSphere	CE49
D28	CrenatedSphere	E1
D23	CrenatedSphere	E1
D16	CrenatedSphere	CE49
D42	CrenatedSphere	A1
D42	CrenatedSphere	CE47
D42	CrenatedSphere	H3
D29	CrenatedSphere	CE50
D18	CrenatedSphere	E1
D14	CrenatedSphere	D3
D42	CrenatedSphere	E1
D42	CrenatedSphere	CE52
D42	CrenatedSphere	F2
D26	CrenatedSphere	A1
D49	CrenatedSphere	B2
D49	CrenatedSphere	B2
D42	CrenatedSphere	CE47
D26	CrenatedSphere	A1
D42	CrenatedSphere	D3
D30	CrenatedSphere	E1
D16	CrenatedSphere	CE52
D23	CrenatedSphere	CE50
D28	CrenatedSphere	CE49
D36	CrenatedSphere	CE50
D9	CrenatedSphere	A1
D42	CrenatedSphere	CE47
D9	CrenatedSphere	E1
D42	CrenatedSphere	CE47
D26	CrenatedSphere	CE49
D29	CrenatedSphere	CE49
D42	CrenatedSphere	CE47
D16	CrenatedSphere	E1
D30	CrenatedSphere	E1
D26	CrenatedSphere	CE50
D18	CrenatedSphere	D3
D42	CrenatedSphere	E1
D29	CrenatedSphere	CE50
D29	CrenatedSphere	CE49
D42	CrenatedSphere	CE47
D30	CrenatedSphere	CE52
D42	CrenatedSphere	H3
D16	CrenatedSphere	A1
D23	CrenatedSphere	A1
D42	CrenatedSphere	F2
D32	CrenatedSphere	CE52
D42	CrenatedSphere	CE47
D28	CrenatedSphere	CE49
D36	CrenatedSphere	A1
D18	CrenatedSphere	D3
D42	CrenatedSphere	CE50
D29	CrenatedSphere	CE49
D42	CrenatedSphere	F2
D49	CrenatedSphere	B2
D28	CrenatedSphere	D3
D29	CrenatedSphere	A1
D9	CrenatedSphere	CE52
D16	CrenatedSphere	E1
D30	CrenatedSphere	CE52
D30	CrenatedSphere	E1
D29	CrenatedSphere	CE50
D37	CrenatedSphere	E1
D23	CrenatedSphere	CE50
D28	CrenatedSphere	CE49
D18	CrenatedSphere	E1
D11	CrenatedSphere	E1
D42	CrenatedSphere	A1
D23	CrenatedSphere	A1
D49	CrenatedSphere	B2
D36	CrenatedSphere	A1
D11	CrenatedSphere	E1
D14	CrenatedSphere	D3
D42	CrenatedSphere	CE49
D26	CrenatedSphere	A1
D42	CrenatedSphere	D3
D30	CrenatedSphere	D3
D26	CrenatedSphere	CE49
D9	CrenatedSphere	D3
D42	CrenatedSphere	CE47
D42	CrenatedSphere	CE50
D36	CrenatedSphere	CE49
D37	CrenatedSphere	CE52
D11	CrenatedSphere	CE52
D42	CrenatedSphere	CE47
D23	CrenatedSphere	A1
D14	CrenatedSphere	CE50
D42	CrenatedSphere	F2
D28	CrenatedSphere	CE52
D18	CrenatedSphere	D3
D42	CrenatedSphere	F2
D21	CrenatedSphere	E1
D37	CrenatedSphere	CE52
D29	CrenatedSphere	A1
D42	CrenatedSphere	F2
D36	CrenatedSphere	CE50
D30	CrenatedSphere	E1
D23	CrenatedSphere	CE52
D30	CrenatedSphere	E1
D28	CrenatedSphere	CE50
D42	CrenatedSphere	CE50
D28	CrenatedSphere	A1
D42	CrenatedSphere	CE52
D23	CrenatedSphere	E1
D36	CrenatedSphere	CE50
D29	CrenatedSphere	CE50
D42	CrenatedSphere	CE52
D39	CrenatedSphere	E1
D28	CrenatedSphere	A1
D5	CrenatedSphere	CE49
D28	CrenatedSphere	A1
D30	CrenatedSphere	CE52
D49	CrenatedSphere	B2
D26	CrenatedSphere	CE50
D32	CrenatedSphere	E1
D36	CrenatedSphere	A1
D32	CrenatedSphere	E1
D32	CrenatedSphere	CE52
D36	CrenatedSphere	A1
D49	CrenatedSphere	B2
D32	CrenatedSphere	CE52
D23	CrenatedSphere	CE49
D42	CrenatedSphere	F2
D42	CrenatedSphere	CE47
D42	CrenatedSphere	CE50
D32	CrenatedSphere	E1
D28	CrenatedSphere	CE49
D21	CrenatedSphere	E1
D39	CrenatedSphere	E1
D37	CrenatedSphere	CE52
D26	CrenatedSphere	CE50
D14	CrenatedSphere	E1
D42	CrenatedSphere	F2
D49	CrenatedSphere	B2
D42	CrenatedSphere	F2
D28	CrenatedSphere	A1
D49	CrenatedSphere	B2
D49	CrenatedSphere	B2
D42	CrenatedSphere	A1
D28	CrenatedSphere	CE50
D32	CrenatedSphere	CE52
D32	CrenatedSphere	CE52
D9	CrenatedSphere	A1
D26	CrenatedSphere	A1
D28	CrenatedSphere	A1
D42	CrenatedSphere	CE47
D28	CrenatedSphere	E1
D36	CrenatedSphere	A1
D42	CrenatedSphere	CE52
D29	CrenatedSphere	CE50
D32	CrenatedSphere	D3
D32	CrenatedSphere	E1
D42	CrenatedSphere	CE47
D42	CrenatedSphere	CE49
D28	CrenatedSphere	CE49
D11	CrenatedSphere	CE52
D21	CrenatedSphere	E1
D42	CrenatedSphere	A1
D36	CrenatedSphere	A1
D28	CrenatedSphere	A1
D30	CrenatedSphere	E1
D42	CrenatedSphere	CE52
D42	CrenatedSphere	CE50
D42	CrenatedSphere	E1
D16	CrenatedSphere	CE52
D29	CrenatedSphere	CE50
D42	CrenatedSphere	F2
D39	CrenatedSphere	D3
D49	CrenatedSphere	B2
D30	CrenatedSphere	E1
D23	CrenatedSphere	A1
D29	CrenatedSphere	CE50
D16	CrenatedSphere	CE50
D42	CrenatedSphere	F2
D42	CrenatedSphere	D3
D9	CrenatedSphere	CE49
D2	CrenatedSphere	CE49
D49	CrenatedSphere	B2
D37	CrenatedSphere	D3
D32	CrenatedSphere	CE52
D30	CrenatedSphere	E1
D42	CrenatedSphere	CE47
D42	CrenatedSphere	E1
D42	CrenatedSphere	CE49
D11	CrenatedSphere	CE52
D14	CrenatedSphere	A1
D37	CrenatedSphere	E1
D42	CrenatedSphere	F2
D36	CrenatedSphere	CE50
D9	CrenatedSphere	CE49
D42	CrenatedSphere	CE49
D21	CrenatedSphere	E1
D30	CrenatedSphere	CE52
D28	CrenatedSphere	CE50
D14	CrenatedSphere	H3
D16	CrenatedSphere	CE52
D37	CrenatedSphere	E1
D23	CrenatedSphere	E1
D32	CrenatedSphere	E1
D42	CrenatedSphere	D3
D23	CrenatedSphere	D3
D49	CrenatedSphere	B2
D42	CrenatedSphere	CE49
D28	CrenatedSphere	A1
D42	CrenatedSphere	CE49
D28	CrenatedSphere	D3
D42	CrenatedSphere	E1
D42	CrenatedSphere	CE47
D42	CrenatedSphere	CE47
D28	CrenatedSphere	CE49
D2	CrenatedSphere	A1
D42	CrenatedSphere	CE47
D36	CrenatedSphere	CE49
D23	CrenatedSphere	E1
D42	CrenatedSphere	F2
D29	CrenatedSphere	A1
D36	CrenatedSphere	CE50
D49	CrenatedSphere	B2
D9	CrenatedSphere	D3
D42	CrenatedSphere	CE49
D37	CrenatedSphere	E1
D11	CrenatedSphere	CE52
D42	CrenatedSphere	D3
D32	CrenatedSphere	E1
D26	CrenatedSphere	CE50
D39	CrenatedSphere	D3
D9	CrenatedSphere	CE50
D42	CrenatedSphere	A1
D49	CrenatedSphere	B2
D42	CrenatedSphere	CE52
D18	CrenatedSphere	E1
D36	CrenatedSphere	A1
D32	CrenatedSphere	CE52
D21	CrenatedSphere	E1
D39	CrenatedSphere	E1
D49	CrenatedSphere	B2
D28	CrenatedSphere	CE50
D21	CrenatedSphere	E1
D42	CrenatedSphere	F2
D30	CrenatedSphere	CE52
D2	CrenatedSphere	H3
D42	CrenatedSphere	CE49
D49	CrenatedSphere	B2
D36	CrenatedSphere	CE49
D42	CrenatedSphere	A1
D2	CrenatedSphere	F2
D42	CrenatedSphere	CE49
D36	CrenatedSphere	CE49
D28	CrenatedSphere	D3
D14	CrenatedSphere	F2
D28	CrenatedSphere	A1
D14	CrenatedSphere	F2
D11	CrenatedSphere	E1
D29	CrenatedSphere	CE50
D42	CrenatedSphere	E1
D23	CrenatedSphere	A1
D32	CrenatedSphere	CE52
D42	CrenatedSphere	D3
D39	CrenatedSphere	D3
D21	CrenatedSphere	D3
D11	CrenatedSphere	CE52
D42	CrenatedSphere	CE47
D49	CrenatedSphere	B2
D42	CrenatedSphere	H3
D42	CrenatedSphere	CE47
D42	CrenatedSphere	CE47
D32	CrenatedSphere	E1
D36	CrenatedSphere	A1
D29	CrenatedSphere	CE49
D39	CrenatedSphere	E1
D21	CrenatedSphere	E1
D9	CrenatedSphere	CE49
D26	CrenatedSphere	A1
D42	CrenatedSphere	CE47
D36	CrenatedSphere	CE49
D9	CrenatedSphere	D3
D23	CrenatedSphere	CE50
D42	CrenatedSphere	F2
D28	CrenatedSphere	CE49
D36	CrenatedSphere	CE50
D30	CrenatedSphere	E1
D9	CrenatedSphere	CE49
D32	CrenatedSphere	E1
D28	CrenatedSphere	CE49
D28	CrenatedSphere	CE49
D5	CrenatedSphere	CE49
D32	CrenatedSphere	D3
D14	CrenatedSphere	F2
D42	CrenatedSphere	CE49
D42	CrenatedSphere	CE49
D16	CrenatedSphere	A1
D28	CrenatedSphere	D3
D14	CrenatedSphere	E1
D21	CrenatedSphere	CE52
D49	CrenatedSphere	B2
D9	CrenatedSphere	CE49
D37	CrenatedSphere	E1
D42	CrenatedSpheroid	CE49
D14	CrenatedSpheroid	CE52
D42	CrenatedSpheroid	F2
D39	CrenatedSpheroid	CE52
D42	CrenatedSpheroid	CE49
D18	CrenatedSpheroid	E1
D32	CrenatedSpheroid	E1
D32	CrenatedSpheroid	D3
D29	CrenatedSpheroid	CE49
D42	CrenatedSpheroid	CE50
D9	CrenatedSpheroid	CE49
D28	CrenatedSpheroid	A1
D42	CrenatedSpheroid	F2
D14	CrenatedSpheroid	CE49
D42	CrenatedSpheroid	CE47
D39	CrenatedSpheroid	CE52
D14	CrenatedSpheroid	D3
D14	CrenatedSpheroid	CE49
D5	CrenatedSpheroid	A1
D42	CrenatedSpheroid	H3
D23	CrenatedSpheroid	D3
D42	CrenatedSpheroid	CE52
D37	CrenatedSpheroid	CE52
D5	CrenatedSpheroid	A1
D42	CrenatedSpheroid	F2
D5	CrenatedSpheroid	A1
D23	CrenatedSpheroid	CE50
D2	CrenatedSpheroid	CE50
D16	CrenatedSpheroid	CE49
D18	CrenatedSpheroid	CE52
D37	CrenatedSpheroid	D3
D14	CrenatedSpheroid	F2
D42	CrenatedSpheroid	H3
D11	CrenatedSpheroid	D3
D16	CrenatedSpheroid	CE50
D26	CrenatedSpheroid	CE49
D18	CrenatedSpheroid	E1
D2	CrenatedSpheroid	CE50
D42	CrenatedSpheroid	F2
D23	CrenatedSpheroid	D3
D23	CrenatedSpheroid	A1
D26	CrenatedSpheroid	CE49
D18	CrenatedSpheroid	CE52
D9	CrenatedSpheroid	A1
D42	CrenatedSpheroid	D3
D11	CrenatedSpheroid	E1
D26	CrenatedSpheroid	CE50
D32	CrenatedSpheroid	D3
D11	CrenatedSpheroid	CE52
D23	CrenatedSpheroid	CE49
D28	CrenatedSpheroid	CE50
D28	CrenatedSpheroid	A1
D26	CrenatedSpheroid	A1
D42	CrenatedSpheroid	CE47
D42	CrenatedSpheroid	CE49
D28	CrenatedSpheroid	A1
D5	CrenatedSpheroid	CE49
D26	CrenatedSpheroid	CE49
D32	CrenatedSpheroid	CE52
D42	CrenatedSpheroid	F2
D18	CrenatedSpheroid	E1
D14	CrenatedSpheroid	E1
D28	CrenatedSpheroid	D3
D28	CrenatedSpheroid	CE49
D29	CrenatedSpheroid	A1
D42	CrenatedSpheroid	CE52
D26	CrenatedSpheroid	A1
D26	CrenatedSpheroid	A1
D16	CrenatedSpheroid	A1
D37	CrenatedSpheroid	CE52
D42	CrenatedSpheroid	CE47
D42	CrenatedSpheroid	CE47
D18	CrenatedSpheroid	E1
D21	CrenatedSpheroid	E1
D28	CrenatedSpheroid	CE49
D28	CrenatedSpheroid	CE50
D49	CrenatedSpheroid	B2
D5	CrenatedSpheroid	A1
D14	CrenatedSpheroid	H3
D2	CrenatedSpheroid	CE50
D42	CrenatedSpheroid	F2
D32	CrenatedSpheroid	CE52
D42	CrenatedSpheroid	F2
D29	CrenatedSpheroid	CE49
D14	CrenatedSpheroid	CE52
D26	CrenatedSpheroid	CE49
D21	CrenatedSpheroid	E1
D32	CrenatedSpheroid	E1
D29	CrenatedSpheroid	A1
D9	CrenatedSpheroid	CE50
D16	CrenatedSpheroid	CE49
D21	CrenatedSpheroid	E1
D21	CrenatedSpheroid	D3
D49	CrenatedSpheroid	B2
D23	CrenatedSpheroid	A1
D26	CrenatedSpheroid	CE50
D18	CrenatedSpheroid	CE52
D29	CrenatedSpheroid	A1
D5	CrenatedSpheroid	CE49
D42	CrenatedSpheroid	CE49
D18	CrenatedSpheroid	E1
D14	CrenatedSpheroid	F2
D28	CrenatedSpheroid	CE49
D42	CrenatedSpheroid	CE47
D16	CrenatedSpheroid	A1
D5	CrenatedSpheroid	A1
D14	CrenatedSpheroid	H3
D42	CrenatedSpheroid	CE47
D16	CrenatedSpheroid	D3
D30	CrenatedSpheroid	E1
D16	CrenatedSpheroid	A1
D49	CrenatedSpheroid	B2
D39	CrenatedSpheroid	CE52
D42	CrenatedSpheroid	CE49
D49	CrenatedSpheroid	B2
D14	CrenatedSpheroid	CE52
D11	CrenatedSpheroid	E1
D42	CrenatedSpheroid	H3
D42	CrenatedSpheroid	CE50
D11	CrenatedSpheroid	D3
D14	CrenatedSpheroid	E1
D14	CrenatedSpheroid	H3
D42	CrenatedSpheroid	CE52
D42	CrenatedSpheroid	CE50
D9	CrenatedSpheroid	A1
D42	CrenatedSpheroid	A1
D28	CrenatedSpheroid	CE50
D23	CrenatedSpheroid	A1
D42	CrenatedSpheroid	F2
D39	CrenatedSpheroid	E1
D30	CrenatedSpheroid	CE52
D29	CrenatedSpheroid	CE49
D14	CrenatedSpheroid	CE50
D9	CrenatedSpheroid	E1
D23	CrenatedSpheroid	CE49
D9	CrenatedSpheroid	D3
D37	CrenatedSpheroid	CE52
D36	CrenatedSpheroid	CE49
D9	CrenatedSpheroid	D3
D42	CrenatedSpheroid	H3
D2	CrenatedSpheroid	H3
D39	CrenatedSpheroid	CE52
D36	CrenatedSpheroid	A1
D23	CrenatedSpheroid	CE49
D2	CrenatedSpheroid	H3
D21	CrenatedSpheroid	E1
D28	CrenatedSpheroid	CE50
D14	CrenatedSpheroid	H3
D21	CrenatedSpheroid	E1
D2	CrenatedSpheroid	CE50
D42	CrenatedSpheroid	A1
D30	CrenatedSpheroid	D3
D42	CrenatedSpheroid	H3
D49	CrenatedSpheroid	B2
D23	CrenatedSpheroid	CE50
D42	CrenatedSpheroid	H3
D14	CrenatedSpheroid	CE50
D37	CrenatedSpheroid	D3
D14	CrenatedSpheroid	CE49
D42	CrenatedSpheroid	E1
D30	CrenatedSpheroid	D3
D23	CrenatedSpheroid	CE49
D49	CrenatedSpheroid	B2
D18	CrenatedSpheroid	E1
D14	CrenatedSpheroid	H3
D5	CrenatedSpheroid	CE50
D42	CrenatedSpheroid	H3
D42	CrenatedSpheroid	F2
D11	CrenatedSpheroid	CE52
D32	CrenatedSpheroid	CE52
D23	CrenatedSpheroid	A1
D14	CrenatedSpheroid	D3
D18	CrenatedSpheroid	E1
D9	CrenatedSpheroid	E1
D9	CrenatedSpheroid	E1
D30	CrenatedSpheroid	D3
D23	CrenatedSpheroid	CE52
D5	CrenatedSpheroid	CE49
D16	CrenatedSpheroid	D3
D28	CrenatedSpheroid	A1
D49	CrenatedSpheroid	B2
D2	CrenatedSpheroid	H3
D29	CrenatedSpheroid	CE49
D21	CrenatedSpheroid	E1
D23	CrenatedSpheroid	D3
D2	CrenatedSpheroid	H3
D21	CrenatedSpheroid	D3
D42	CrenatedSpheroid	CE52
D42	CrenatedSpheroid	F2
D29	CrenatedSpheroid	CE50
D14	CrenatedSpheroid	E1
D37	CrenatedSpheroid	CE52
D9	CrenatedSpheroid	D3
D30	CrenatedSpheroid	E1
D28	CrenatedSpheroid	CE52
D14	CrenatedSpheroid	H3
D5	CrenatedSpheroid	CE50
D11	CrenatedSpheroid	E1
D18	CrenatedSpheroid	D3
D23	CrenatedSpheroid	E1
D2	CrenatedSpheroid	A1
D28	CrenatedSpheroid	CE49
D42	CrenatedSpheroid	CE50
D16	CrenatedSpheroid	CE50
D26	CrenatedSpheroid	CE49
D42	CrenatedSpheroid	F2
D37	CrenatedSpheroid	CE52
D26	CrenatedSpheroid	CE50
D39	CrenatedSpheroid	D3
D42	CrenatedSpheroid	D3
D16	CrenatedSpheroid	CE52
D16	CrenatedSpheroid	CE50
D5	CrenatedSpheroid	A1
D5	CrenatedSpheroid	CE49
D9	CrenatedSpheroid	CE52
D16	CrenatedSpheroid	E1
D16	CrenatedSpheroid	E1
D42	CrenatedSpheroid	H3
D2	CrenatedSpheroid	CE50
D23	CrenatedSpheroid	CE50
D42	CrenatedSpheroid	CE50
D23	CrenatedSpheroid	A1
D9	CrenatedSpheroid	CE49
D9	CrenatedSpheroid	A1
D36	CrenatedSpheroid	CE50
D42	CrenatedSpheroid	D3
D28	CrenatedSpheroid	A1
D9	CrenatedSpheroid	D3
D42	CrenatedSpheroid	F2
D37	CrenatedSpheroid	E1
D42	CrenatedSpheroid	CE49
D16	CrenatedSpheroid	D3
D21	CrenatedSpheroid	E1
D42	CrenatedSpheroid	CE52
D36	CrenatedSpheroid	CE49
D18	CrenatedSpheroid	E1
D36	CrenatedSpheroid	A1
D37	CrenatedSpheroid	D3
D26	CrenatedSpheroid	CE49
D29	CrenatedSpheroid	A1
D5	CrenatedSpheroid	A1
D14	CrenatedSpheroid	F2
D49	CrenatedSpheroid	B2
D23	CrenatedSpheroid	CE52
D39	CrenatedSpheroid	CE52
D26	CrenatedSpheroid	CE50
D23	CrenatedSpheroid	CE49
D29	CrenatedSpheroid	CE50
D23	CrenatedSpheroid	CE50
D16	CrenatedSpheroid	CE52
D14	CrenatedSpheroid	H3
D39	CrenatedSpheroid	CE52
D9	CrenatedSpheroid	D3
D14	CrenatedSpheroid	E1
D21	CrenatedSpheroid	D3
D5	CrenatedSpheroid	CE49
D42	CrenatedSpheroid	CE50
D39	CrenatedSpheroid	D3
D26	CrenatedSpheroid	CE49
D2	CrenatedSpheroid	CE49
D9	CrenatedSpheroid	CE49
D42	CrenatedSpheroid	A1
D36	CrenatedSpheroid	A1
D11	CrenatedSpheroid	E1
D16	CrenatedSpheroid	A1
D32	CrenatedSpheroid	E1
D16	CrenatedSpheroid	CE52
D9	CrenatedSpheroid	E1
D32	CrenatedSpheroid	E1
D21	CrenatedSpheroid	CE52
D42	CrenatedSpheroid	A1
D42	CrenatedSpheroid	F2
D28	CrenatedSpheroid	CE52
D42	CrenatedSpheroid	CE47
D9	CrenatedSpheroid	CE50
D23	CrenatedSpheroid	CE52
D16	CrenatedSpheroid	CE50
D23	CrenatedSpheroid	CE49
D28	CrenatedSpheroid	A1
D42	CrenatedSpheroid	CE52
D42	CrenatedSpheroid	CE52
D21	CrenatedSpheroid	E1
D11	CrenatedSpheroid	D3
D26	CrenatedSpheroid	CE50
D32	CrenatedSpheroid	E1
D42	CrenatedSpheroid	CE50
D14	CrenatedSpheroid	H3
D49	CrenatedSpheroid	B2
D37	CrenatedSpheroid	E1
D14	CrenatedSpheroid	H3
D26	CrenatedSpheroid	A1
D26	CrenatedSpheroid	CE50
D9	CrenatedSpheroid	D3
D37	CrenatedSpheroid	D3
D30	CrenatedSpheroid	CE52
D42	CrenatedSpheroid	CE49
D16	CrenatedSpheroid	CE52
D23	CrenatedSpheroid	A1
D30	CrenatedSpheroid	CE52
D42	CrenatedSpheroid	H3
D14	CrenatedSpheroid	A1
D26	CrenatedSpheroid	CE50
D14	CrenatedSpheroid	CE49
D9	CrenatedSpheroid	A1
D42	CrenatedSpheroid	CE49
D23	CrenatedSpheroid	CE49
D14	CrenatedSpheroid	F2
D28	CrenatedSpheroid	CE52
D42	CrenatedSpheroid	H3
D2	CrenatedSpheroid	CE50
D42	CrenatedSpheroid	F2
D23	CrenatedSpheroid	CE49
D30	CrenatedSpheroid	E1
D23	CrenatedSpheroid	CE49
D42	CrenatedSpheroid	H3
D16	CrenatedSpheroid	E1
D37	CrenatedSpheroid	D3
D21	CrenatedSpheroid	D3
D42	CrenatedSpheroid	CE47
D9	CrenatedSpheroid	E1
D14	CrenatedSpheroid	CE52
D9	CrenatedSpheroid	CE49
D28	CrenatedSpheroid	D3
D39	CrenatedSpheroid	CE52
D23	CrenatedSpheroid	D3
D9	CrenatedSpheroid	D3
D23	CrenatedSpheroid	CE49
D21	CrenatedSpheroid	D3
D9	CrenatedSpheroid	A1
D14	CrenatedSpheroid	CE49
D37	CrenatedSpheroid	CE52
D2	CrenatedSpheroid	F2
D23	CrenatedSpheroid	CE50
D28	CrenatedSpheroid	E1
D30	CrenatedSpheroid	D3
D36	CrenatedSpheroid	CE50
D26	CrenatedSpheroid	CE50
D11	CrenatedSpheroid	E1
D5	CrenatedSpheroid	A1
D42	CrenatedSpheroid	CE49
D49	CrenatedSpheroid	B2
D16	CrenatedSpheroid	CE49
D2	CrenatedSpheroid	H3
D16	CrenatedSpheroid	CE49
D9	CrenatedSpheroid	CE50
D29	CrenatedSpheroid	A1
D14	CrenatedSpheroid	D3
D39	CrenatedSpheroid	E1
D14	CrenatedSpheroid	D3
D23	CrenatedSpheroid	D3
D28	CrenatedSpheroid	A1
D42	CrenatedSpheroid	H3
D29	CrenatedSpheroid	CE50
D32	CrenatedSpheroid	D3
D14	CrenatedSpheroid	H3
D11	CrenatedSpheroid	D3
D14	CrenatedSpheroid	H3
D42	CrenatedSpheroid	D3
D9	CrenatedSpheroid	E1
D16	CrenatedSpheroid	CE49
D42	CrenatedSpheroid	CE50
D5	CrenatedSpheroid	CE50
D49	CrenatedSpheroid	B2
D14	CrenatedSpheroid	H3
D29	CrenatedSpheroid	CE50
D23	CrenatedSpheroid	A1
D9	CrenatedSpheroid	A1
D42	CrenatedSpheroid	CE47
D42	CrenatedSpheroid	H3
D2	CrenatedSpheroid	F2
D29	CrenatedSpheroid	CE50
D28	CrenatedSpheroid	A1
D23	CrenatedSpheroid	A1
D42	CrenatedSpheroid	F2
D5	CrenatedSpheroid	CE49
D16	CrenatedSpheroid	E1
D42	CrenatedSpheroid	E1
D23	CrenatedSpheroid	CE49
D26	CrenatedSpheroid	A1
D9	CrenatedSpheroid	CE49
D26	CrenatedSpheroid	CE49
D42	CrenatedSpheroid	D3
D11	CrenatedSpheroid	E1
D28	CrenatedSpheroid	CE49
D28	CrenatedSpheroid	CE49
D2	CrenatedSpheroid	CE49
D42	CrenatedSpheroid	A1
D5	CrenatedSpheroid	A1
D36	CrenatedSpheroid	CE49
D29	CrenatedSpheroid	CE49
D49	CrenatedSpheroid	B2
D9	CrenatedSpheroid	E1
D36	CrenatedSpheroid	A1
D9	CrenatedSpheroid	CE49
D11	CrenatedSpheroid	E1
D14	CrenatedSpheroid	F2
D9	CrenatedSpheroid	A1
D9	CrenatedSpheroid	E1
D5	CrenatedSpheroid	A1
D16	CrenatedSpheroid	CE49
D11	CrenatedSpheroid	D3
D42	CrenatedSpheroid	H3
D36	CrenatedSpheroid	CE49
D14	CrenatedSpheroid	H3
D2	CrenatedSpheroid	F2
D42	CrenatedSpheroid	CE47
D32	CrenatedSpheroid	D3
D5	CrenatedSpheroid	A1
D42	CrenatedSpheroid	H3
D49	CrenatedSpheroid	B2
D14	CrenatedSpheroid	F2
D2	CrenatedSpheroid	CE49
D49	CrenatedSpheroid	B2
D16	CrenatedSpheroid	A1
D2	CrenatedSpheroid	H3
D18	CrenatedSpheroid	CE52
D2	CrenatedSpheroid	A1
D42	CrenatedSpheroid	F2
D26	CrenatedSpheroid	CE50
D14	CrenatedSpheroid	H3
D26	CrenatedSpheroid	CE50
D16	CrenatedSpheroid	E1
D37	CrenatedSpheroid	CE52
D42	CrenatedSpheroid	E1
D26	CrenatedSpheroid	CE49
D23	CrenatedSpheroid	CE50
D29	CrenatedSpheroid	A1
D2	CrenatedSpheroid	CE49
D37	CrenatedSpheroid	E1
D42	CrenatedSpheroid	CE49
D37	CrenatedSpheroid	CE52
D5	CrenatedSpheroid	A1
D16	CrenatedSpheroid	E1
D39	CrenatedSpheroid	E1
D42	CrenatedSpheroid	CE47
D42	CrenatedSpheroid	H3
D32	CrenatedSpheroid	E1
D42	CrenatedSpheroid	F2
D23	CrenatedSpheroid	CE49
D42	CrenatedSpheroid	CE52
D18	CrenatedSpheroid	D3
D42	CrenatedSpheroid	H3
D36	CrenatedSpheroid	A1
D9	CrenatedSpheroid	CE49
D5	CrenatedSpheroid	CE50
D28	CrenatedSpheroid	CE52
D26	CrenatedSpheroid	CE49
D16	CrenatedSpheroid	CE50
D16	CrenatedSpheroid	CE50
D29	CrenatedSpheroid	A1
D21	CrenatedSpheroid	D3
D32	CrenatedSpheroid	CE52
D21	CrenatedSpheroid	CE52
D2	CrenatedSpheroid	CE50
D42	CrenatedSpheroid	CE52
D2	CrenatedSpheroid	A1
D42	CrenatedSpheroid	CE50
D9	CrenatedSpheroid	CE49
D16	CrenatedSpheroid	CE49
D37	CrenatedSpheroid	CE52
D21	CrenatedSpheroid	CE52
D28	CrenatedSpheroid	CE49
D9	CrenatedSpheroid	D3
D2	CrenatedSpheroid	H3
D42	CrenatedSpheroid	A1
D14	CrenatedSpheroid	H3
D30	CrenatedSpheroid	CE52
D9	CrenatedSpheroid	CE49
D2	CrenatedSpheroid	CE49
D16	CrenatedSpheroid	E1
D14	CrenatedSpheroid	A1
D23	CrenatedSpheroid	CE52
D42	CrenatedSpheroid	D3
D49	CrenatedSpheroid	B2
D9	CrenatedSpheroid	CE49
D14	CrenatedSpheroid	H3
D30	CrenatedSpheroid	E1
D49	CrenatedSpheroid	B2
D23	CrenatedSpheroid	CE49
D14	CrenatedSpheroid	CE50
D29	CrenatedSpheroid	CE49
D36	CrenatedSpheroid	CE49
D42	CrenatedSpheroid	H3
D14	CrenatedSpheroid	CE49
D37	CrenatedSpheroid	E1
D36	CrenatedSpheroid	CE50
D42	CrenatedSpheroid	CE49
D5	CrenatedSpheroid	CE50
D16	CrenatedSpheroid	CE49
D14	CrenatedSpheroid	F2
D5	CrenatedSpheroid	A1
D42	CrenatedSpheroid	H3
D14	CrenatedSpheroid	H3
D14	CrenatedSpheroid	E1
D42	CrenatedSpheroid	CE47
D28	CrenatedSpheroid	CE50
D16	CrenatedSpheroid	D3
D32	CrenatedSpheroid	D3
D42	CrenatedSpheroid	A1
D42	CrenatedSpheroid	H3
D2	CrenatedSpheroid	F2
D28	CrenatedSpheroid	CE50
D23	CrenatedSpheroid	CE49
D16	CrenatedSpheroid	D3
D39	CrenatedSpheroid	D3
D23	CrenatedSpheroid	CE49
D32	CrenatedSpheroid	D3
D30	CrenatedSpheroid	D3
D37	CrenatedSpheroid	E1
D28	CrenatedSpheroid	CE49
D36	CrenatedSpheroid	CE49
D26	CrenatedSpheroid	CE50
D28	CrenatedSpheroid	CE49
D14	CrenatedSpheroid	E1
D30	CrenatedSpheroid	D3
D32	CrenatedSpheroid	CE52
D14	CrenatedSpheroid	CE50
D32	CrenatedSpheroid	D3
D26	CrenatedSpheroid	CE49
D32	CrenatedSpheroid	E1
D23	CrenatedSpheroid	A1
D32	CrenatedSpheroid	E1
D14	CrenatedSpheroid	H3
D23	CrenatedSpheroid	CE50
D42	CrenatedSpheroid	A1
D39	CrenatedSpheroid	E1
D42	CrenatedSpheroid	CE49
D28	CrenatedSpheroid	E1
D37	CrenatedSpheroid	E1
D32	CrenatedSpheroid	D3
D14	CrenatedSpheroid	E1
D14	CrenatedSpheroid	CE49
D37	CrenatedSpheroid	D3
D39	CrenatedSpheroid	D3
D2	CrenatedSpheroid	CE49
D42	CrenatedSpheroid	D3
D37	CrenatedSpheroid	E1
D28	CrenatedSpheroid	CE49
D9	CrenatedSpheroid	D3
D11	CrenatedSpheroid	D3
D26	CrenatedSpheroid	CE49
D28	CrenatedSpheroid	CE52
D36	CrenatedSpheroid	CE49
D29	CrenatedSpheroid	CE49
D14	CrenatedSpheroid	D3
D14	CrenatedSpheroid	CE49
D39	CrenatedSpheroid	E1
D49	CrenatedSpheroid	B2
D5	CrenatedSpheroid	CE49
D30	CrenatedSpheroid	E1
D2	CrenatedSpheroid	H3
D42	CrenatedSpheroid	H3
D2	CrenatedSpheroid	CE49
D23	CrenatedSpheroid	E1
D5	CrenatedSpheroid	A1
D42	Side	E1
D32	Side	CE52
D26	Side	CE50
D42	Side	CE52
D23	Side	A1
D9	Side	CE50
D37	Side	E1
D26	Side	CE49
D42	Side	H3
D5	Side	CE50
D9	Side	CE50
D21	Side	D3
D23	Side	CE52
D39	Side	CE52
D9	Side	CE49
D2	Side	H3
D16	Side	E1
D2	Side	H3
D9	Side	D3
D23	Side	CE52
D42	Side	H3
D14	Side	H3
D30	Side	E1
D32	Side	CE52
D42	Side	F2
D49	Side	B2
D2	Side	H3
D2	Side	H3
D11	Side	CE52
D30	Side	D3
D30	Side	E1
D14	Side	CE50
D28	Side	A1
D28	Side	CE52
D9	Side	D3
D2	Side	H3
D29	Side	CE50
D36	Side	CE49
D21	Side	D3
D42	Side	H3
D42	Side	E1
D23	Side	E1
D42	Side	D3
D14	Side	F2
D14	Side	H3
D16	Side	D3
D42	Side	D3
D42	Side	H3
D28	Side	D3
D5	Side	A1
D21	Side	E1
D5	Side	A1
D2	Side	H3
D36	Side	A1
D23	Side	E1
D2	Side	F2
D14	Side	F2
D23	Side	CE52
D14	Side	H3
D2	Side	H3
D39	Side	E1
D16	Side	CE52
D37	Side	D3
D49	Side	B2
D14	Side	CE50
D18	Side	E1
D37	Side	E1
D49	Side	B2
D28	Side	CE52
D39	Side	D3
D5	Side	CE50
D28	Side	D3
D39	Side	E1
D23	Side	A1
D5	Side	CE49
D9	Side	A1
D2	Side	F2
D42	Side	E1
D42	Side	E1
D29	Side	CE49
D32	Side	CE52
D39	Side	D3
D36	Side	CE49
D21	Side	CE52
D49	Side	B2
D28	Side	E1
D28	Side	A1
D14	Side	F2
D29	Side	A1
D32	Side	E1
D32	Side	D3
D11	Side	CE52
D23	Side	E1
D16	Side	D3
D30	Side	CE52
D14	Side	CE52
D42	Side	CE47
D2	Side	F2
D36	Side	CE49
D42	Side	F2
D2	Side	H3
D23	Side	CE49
D49	Side	B2
D11	Side	D3
D2	Side	F2
D32	Side	E1
D23	Side	CE50
D14	Side	F2
D14	Side	F2
D14	Side	F2
D9	Side	CE49
D23	Side	CE52
D2	Side	H3
D5	Side	A1
D2	Side	F2
D9	Side	A1
D29	Side	CE49
D2	Side	H3
D42	Side	E1
D14	Side	F2
D18	Side	D3
D2	Side	F2
D26	Side	CE50
D18	Side	D3
D23	Side	A1
D2	Side	H3
D49	Side	B2
D49	Side	B2
D14	Side	E1
D14	Side	H3
D49	Side	B2
D32	Side	CE52
D16	Side	CE50
D5	Side	CE50
D11	Side	E1
D36	Side	A1
D2	Side	H3
D9	Side	CE50
D2	Side	F2
D2	Side	CE49
D2	Side	H3
D42	Side	H3
D28	Side	A1
D18	Side	D3
D49	Side	B2
D14	Side	F2
D26	Side	CE49
D36	Side	CE50
D14	Side	D3
D42	Side	E1
D2	Side	F2
D23	Side	CE49
D14	Side	F2
D11	Side	CE52
D14	Side	E1
D49	Side	B2
D42	Side	F2
D18	Side	CE52
D42	Side	F2
D2	Side	F2
D11	Side	CE52
D2	Side	F2
D36	Side	CE49
D5	Side	A1
D21	Side	D3
D14	Side	CE52
D36	Side	CE50
D42	Side	F2
D39	Side	D3
D9	Side	CE52
D5	Side	CE50
D37	Side	CE52
D49	Side	B2
D42	Side	CE47
D42	Side	F2
D42	Side	CE50
D14	Side	F2
D37	Side	E1
D29	Side	A1
D39	Side	D3
D2	Side	F2
D2	Side	CE49
D42	Side	D3
D28	Side	CE49
D42	Side	CE50
D26	Side	CE50
D42	Side	H3
D14	Side	H3
D36	Side	CE49
D29	Side	CE49
D29	Side	CE49
D28	Side	CE50
D32	Side	E1
D49	Side	B2
D14	Side	F2
D21	Side	D3
D49	Side	B2
D42	Side	F2
D14	Side	H3
D49	Side	B2
D29	Side	A1
D21	Side	E1
D42	Side	F2
D39	Side	CE52
D9	Side	CE50
D26	Side	CE50
D14	Side	A1
D36	Side	CE50
D9	Side	A1
D2	Side	H3
D23	Side	D3
D39	Side	CE52
D16	Side	D3
D14	Side	CE49
D30	Side	CE52
D14	Side	CE50
D36	Side	A1
D9	Side	CE50
D28	Side	CE52
D26	Side	CE50
D5	Side	CE50
D30	Side	D3
D2	Side	F2
D5	Side	A1
D42	Side	A1
D32	Side	D3
D42	Side	CE47
D42	Side	CE49
D29	Side	CE50
D42	Side	H3
D21	Side	CE52
D49	Side	B2
D32	Side	CE52
D49	Side	B2
D2	Side	CE50
D2	Side	CE49
D5	Side	A1
D26	Side	A1
D23	Side	A1
D26	Side	CE50
D9	Side	CE49
D39	Side	CE52
D49	Side	B2
D2	Side	CE50
D32	Side	CE52
D16	Side	CE52
D11	Side	D3
D16	Side	D3
D16	Side	A1
D14	Side	CE49
D14	Side	A1
D14	Side	CE50
D28	Side	E1
D26	Side	CE50
D32	Side	CE52
D23	Side	A1
D9	Side	CE50
D2	Side	H3
D42	Side	H3
D32	Side	D3
D42	Side	F2
D26	Side	A1
D28	Side	E1
D29	Side	A1
D30	Side	D3
D14	Side	CE50
D37	Side	E1
D9	Side	CE52
D42	Side	F2
D2	Side	H3
D30	Side	E1
D14	Side	CE49
D23	Side	CE52
D23	Side	CE50
D11	Side	D3
D42	Side	A1
D42	Side	CE49
D29	Side	CE49
D5	Side	CE49
D36	Side	A1
D32	Side	D3
D36	Side	A1
D5	Side	CE49
D14	Side	E1
D42	Side	CE52
D16	Side	CE52
D18	Side	CE52
D16	Side	E1
D23	Side	A1
D2	Side	H3
D14	Side	CE49
D14	Side	A1
D37	Side	D3
D36	Side	A1
D14	Side	H3
D18	Side	E1
D16	Side	CE52
D9	Side	CE52
D2	Side	F2
D5	Side	A1
D14	Side	E1
D14	Side	E1
D49	Side	B2
D42	Side	CE47
D21	Side	CE52
D14	Side	F2
D16	Side	CE49
D14	Side	F2
D36	Side	CE49
D37	Side	D3
D32	Side	E1
D42	Side	CE47
D18	Side	CE52
D2	Side	F2
D28	Side	D3
D18	Side	CE52
D23	Side	CE49
D14	Side	H3
D9	Side	E1
D23	Side	CE50
D11	Side	E1
D36	Side	A1
D18	Side	CE52
D21	Side	CE52
D42	Side	F2
D26	Side	A1
D14	Side	F2
D32	Side	E1
D11	Side	E1
D42	Side	E1
D16	Side	CE50
D42	Side	H3
D14	Side	H3
D14	Side	CE52
D21	Side	CE52
D26	Side	CE50
D42	Side	A1
D37	Side	E1
D23	Side	CE52
D2	Side	A1
D14	Side	H3
D23	Side	CE49
D42	Side	F2
D42	Side	F2
D21	Side	CE52
D42	Side	F2
D42	Side	CE52
D37	Side	E1
D5	Side	CE49
D14	Side	A1
D42	Side	A1
D28	Side	E1
D26	Side	CE50
D9	Side	CE50
D23	Side	CE49
D29	Side	A1
D9	Side	D3
D14	Side	F2
D21	Side	D3
D49	Side	B2
D16	Side	CE52
D28	Side	D3
D32	Side	CE52
D9	Side	CE50
D18	Side	CE52
D29	Side	CE50
D23	Side	CE52
D29	Side	CE50
D23	Side	CE52
D42	Side	CE49
D29	Side	CE49
D14	Side	H3
D28	Side	D3
D21	Side	E1
D39	Side	D3
D23	Side	A1
D14	Side	F2
D42	Side	H3
D42	Side	CE47
D9	Side	E1
D2	Side	H3
D18	Side	E1
D30	Side	CE52
D42	Side	H3
D32	Side	E1
D26	Side	CE50
D2	Side	H3
D49	Side	B2
D2	Side	H3
D32	Side	D3
D42	Side	CE47
D11	Side	CE52
D29	Side	CE49
D5	Side	CE49
D39	Side	E1
D42	Side	CE47
D14	Side	H3
D28	Side	CE52
D29	Side	A1
D2	Side	H3
D29	Side	CE50
D5	Side	CE49
D2	Side	CE49
D39	Side	D3
D26	Side	CE50
D42	Side	F2
D21	Side	E1
D18	Side	CE52
D49	Side	B2
D30	Side	D3
D16	Side	A1
D28	Side	D3
D42	Side	H3
D16	Side	CE50
D9	Side	E1
D11	Side	E1
D14	Side	F2
D49	Side	B2
D14	Side	A1
D14	Side	A1
D49	Side	B2
D29	Side	A1
D23	Side	A1
D14	Side	F2
D16	Side	A1
D42	Side	D3
D11	Side	D3
D26	Side	A1
D36	Side	CE50
D42	Side	CE47
D21	Side	D3
D30	Side	CE52
D36	Side	A1
D23	Side	E1
D16	Side	CE50
D36	Side	CE49
D37	Side	CE52
D2	Side	F2
D2	Side	A1
D21	Side	E1
D36	Side	CE50
D32	Side	E1
D42	Side	CE47
D14	Side	F2
D14	Side	F2
D21	Side	D3
D32	Side	D3
D5	Side	CE49
D36	Side	CE49
D28	Side	A1
D14	Side	E1
D42	Side	H3
D2	Side	H3
D9	Side	E1
D2	Side	F2
D42	Side	D3
D42	Side	H3
D16	Side	CE50
D2	Side	F2
D32	Side	E1
D14	Side	D3
D21	Side	CE52
D5	Side	CE49
D2	Side	H3
D14	Side	F2
D42	Side	H3
D23	Side	CE50
D29	Side	A1
D28	Side	E1
D42	Side	CE47
D23	Side	CE49
D11	Side	CE52
D26	Side	CE49
D29	Side	A1
D2	Side	F2
D30	Side	E1
D49	Side	B2
D39	Side	CE52
D42	Side	CE49
D42	Side	CE47
D42	Side	A1
D42	Side	H3
D14	Side	D3
D32	Side	CE52
D28	Side	E1
D49	Side	B2
D30	Side	D3
D36	Side	A1
D26	Side	A1
D18	Side	E1
D16	Side	D3
D9	Side	A1
D2	Side	CE49
D5	Side	A1
D11	Side	CE52
D26	Side	CE49
D36	Side	A1
D2	Side	F2
D16	Side	D3
D18	Side	CE52
D30	Side	E1
D11	Side	D3
D42	Side	CE49
D9	Side	D3
D11	Side	E1
D26	Side	CE49
D11	Side	E1
D16	Side	D3
D42	Side	CE47
D2	Side	H3
D32	Side	E1
D42	Side	F2
D16	Side	CE52
D2	Side	CE50
D14	Side	F2
D16	Side	D3
D14	Side	CE49
D37	Side	D3
D42	Side	A1
D49	Side	B2
D23	Side	CE52
D14	Side	CE52
D23	Side	D3
D5	Side	CE50
D26	Side	CE49
D9	Side	CE50
D5	Side	CE49
D14	Side	CE52
D5	Side	CE50
D14	Side	H3
D37	Side	CE52
D42	Side	F2
D11	Side	CE52
D11	Side	E1
D42	Side	F2
D5	Side	CE49
D2	Side	CE49
D42	Side	F2
D2	Side	F2
D2	Side	H3
D14	Side	F2
D2	Side	F2
D9	Side	E1
D14	Side	F2
D32	Side	D3
D14	Side	F2
D14	Side	CE50
D14	Side	F2
D9	Side	CE50
D9	Side	CE49
D16	Side	D3
D9	Side	CE52
D42	Side	H3
D42	Side	CE47
D5	Side	CE49
D16	SmoothDisc	CE52
D23	SmoothDisc	CE49
D2	SmoothDisc	F2
D16	SmoothDisc	D3
D28	SmoothDisc	CE50
D2	SmoothDisc	F2
D14	SmoothDisc	D3
D30	SmoothDisc	CE52
D9	SmoothDisc	A1
D16	SmoothDisc	CE50
D14	SmoothDisc	H3
D9	SmoothDisc	CE52
D21	SmoothDisc	D3
D28	SmoothDisc	CE49
D5	SmoothDisc	A1
D2	SmoothDisc	F2
D36	SmoothDisc	CE49
D2	SmoothDisc	CE49
D2	SmoothDisc	F2
D9	SmoothDisc	CE52
D42	SmoothDisc	F2
D23	SmoothDisc	D3
D26	SmoothDisc	A1
D32	SmoothDisc	CE52
D11	SmoothDisc	CE52
D23	SmoothDisc	E1
D2	SmoothDisc	H3
D26	SmoothDisc	CE49
D14	SmoothDisc	H3
D28	SmoothDisc	CE50
D42	SmoothDisc	E1
D30	SmoothDisc	CE52
D14	SmoothDisc	H3
D42	SmoothDisc	H3
D16	SmoothDisc	D3
D36	SmoothDisc	CE49
D14	SmoothDisc	CE52
D2	SmoothDisc	F2
D14	SmoothDisc	F2
D37	SmoothDisc	D3
D42	SmoothDisc	H3
D42	SmoothDisc	E1
D42	SmoothDisc	CE50
D18	SmoothDisc	D3
D18	SmoothDisc	E1
D14	SmoothDisc	F2
D14	SmoothDisc	F2
D9	SmoothDisc	D3
D9	SmoothDisc	CE50
D14	SmoothDisc	H3
D28	SmoothDisc	A1
D14	SmoothDisc	H3
D16	SmoothDisc	CE50
D28	SmoothDisc	A1
D2	SmoothDisc	H3
D11	SmoothDisc	CE52
D42	SmoothDisc	D3
D42	SmoothDisc	H3
D23	SmoothDisc	E1
D49	SmoothDisc	B2
D36	SmoothDisc	CE50
D28	SmoothDisc	CE50
D49	SmoothDisc	B2
D23	SmoothDisc	A1
D11	SmoothDisc	CE52
D42	SmoothDisc	F2
D14	SmoothDisc	D3
D2	SmoothDisc	H3
D32	SmoothDisc	CE52
D30	SmoothDisc	D3
D42	SmoothDisc	CE47
D28	SmoothDisc	A1
D42	SmoothDisc	D3
D2	SmoothDisc	CE50
D39	SmoothDisc	D3
D23	SmoothDisc	CE49
D21	SmoothDisc	E1
D14	SmoothDisc	CE50
D42	SmoothDisc	H3
D2	SmoothDisc	H3
D14	SmoothDisc	H3
D36	SmoothDisc	CE49
D42	SmoothDisc	F2
D42	SmoothDisc	H3
D16	SmoothDisc	E1
D21	SmoothDisc	CE52
D42	SmoothDisc	D3
D9	SmoothDisc	CE52
D2	SmoothDisc	CE50
D28	SmoothDisc	E1
D42	SmoothDisc	F2
D13	SmoothDisc	CE52
D26	SmoothDisc	A1
D42	SmoothDisc	CE47
D30	SmoothDisc	D3
D9	SmoothDisc	CE52
D30	SmoothDisc	E1
D2	SmoothDisc	H3
D30	SmoothDisc	CE52
D29	SmoothDisc	CE50
D14	SmoothDisc	CE49
D21	SmoothDisc	CE52
D42	SmoothDisc	CE47
D32	SmoothDisc	CE52
D14	SmoothDisc	H3
D14	SmoothDisc	F2
D36	SmoothDisc	A1
D14	SmoothDisc	F2
D21	SmoothDisc	D3
D42	SmoothDisc	CE47
D28	SmoothDisc	E1
D37	SmoothDisc	CE52
D9	SmoothDisc	CE49
D37	SmoothDisc	E1
D39	SmoothDisc	CE52
D49	SmoothDisc	B2
D2	SmoothDisc	CE50
D2	SmoothDisc	H3
D14	SmoothDisc	H3
D14	SmoothDisc	H3
D14	SmoothDisc	F2
D9	SmoothDisc	E1
D37	SmoothDisc	CE52
D21	SmoothDisc	D3
D42	SmoothDisc	CE47
D49	SmoothDisc	B2
D18	SmoothDisc	D3
D16	SmoothDisc	CE49
D28	SmoothDisc	CE52
D14	SmoothDisc	H3
D42	SmoothDisc	F2
D42	SmoothDisc	CE47
D42	SmoothDisc	H3
D36	SmoothDisc	CE50
D36	SmoothDisc	CE49
D9	SmoothDisc	CE49
D14	SmoothDisc	E1
D14	SmoothDisc	F2
D30	SmoothDisc	CE52
D21	SmoothDisc	CE52
D14	SmoothDisc	H3
D42	SmoothDisc	F2
D42	SmoothDisc	H3
D18	SmoothDisc	E1
D2	SmoothDisc	H3
D42	SmoothDisc	CE49
D42	SmoothDisc	CE47
D28	SmoothDisc	CE52
D32	SmoothDisc	CE52
D18	SmoothDisc	CE52
D23	SmoothDisc	CE49
D14	SmoothDisc	H3
D14	SmoothDisc	H3
D23	SmoothDisc	E1
D23	SmoothDisc	CE50
D42	SmoothDisc	H3
D9	SmoothDisc	CE52
D36	SmoothDisc	CE49
D28	SmoothDisc	E1
D26	SmoothDisc	CE49
D18	SmoothDisc	E1
D16	SmoothDisc	D3
D18	SmoothDisc	CE52
D42	SmoothDisc	CE47
D42	SmoothDisc	E1
D18	SmoothDisc	E1
D5	SmoothDisc	CE50
D9	SmoothDisc	E1
D2	SmoothDisc	H3
D9	SmoothDisc	E1
D42	SmoothDisc	E1
D26	SmoothDisc	A1
D21	SmoothDisc	CE52
D18	SmoothDisc	CE52
D21	SmoothDisc	CE52
D42	SmoothDisc	CE50
D42	SmoothDisc	CE47
D2	SmoothDisc	H3
D23	SmoothDisc	CE49
D28	SmoothDisc	D3
D14	SmoothDisc	H3
D26	SmoothDisc	CE49
D21	SmoothDisc	D3
D29	SmoothDisc	A1
D37	SmoothDisc	CE52
D42	SmoothDisc	E1
D21	SmoothDisc	E1
D16	SmoothDisc	D3
D23	SmoothDisc	E1
D23	SmoothDisc	CE49
D42	SmoothDisc	CE47
D42	SmoothDisc	CE49
D23	SmoothDisc	D3
D49	SmoothDisc	B2
D9	SmoothDisc	D3
D21	SmoothDisc	D3
D21	SmoothDisc	CE52
D32	SmoothDisc	E1
D42	SmoothDisc	CE47
D16	SmoothDisc	D3
D16	SmoothDisc	E1
D49	SmoothDisc	B2
D42	SmoothDisc	F2
D21	SmoothDisc	E1
D14	SmoothDisc	F2
D23	SmoothDisc	D3
D2	SmoothDisc	F2
D29	SmoothDisc	CE50
D37	SmoothDisc	D3
D11	SmoothDisc	E1
D16	SmoothDisc	CE52
D37	SmoothDisc	D3
D26	SmoothDisc	CE49
D30	SmoothDisc	D3
D42	SmoothDisc	CE47
D37	SmoothDisc	E1
D16	SmoothDisc	D3
D32	SmoothDisc	E1
D37	SmoothDisc	D3
D42	SmoothDisc	F2
D16	SmoothDisc	CE50
D23	SmoothDisc	A1
D32	SmoothDisc	E1
D14	SmoothDisc	H3
D42	SmoothDisc	F2
D28	SmoothDisc	E1
D14	SmoothDisc	E1
D21	SmoothDisc	CE52
D11	SmoothDisc	E1
D11	SmoothDisc	E1
D14	SmoothDisc	CE49
D42	SmoothDisc	CE52
D2	SmoothDisc	CE49
D2	SmoothDisc	F2
D49	SmoothDisc	B2
D39	SmoothDisc	D3
D37	SmoothDisc	CE52
D16	SmoothDisc	E1
D16	SmoothDisc	CE50
D9	SmoothDisc	CE52
D32	SmoothDisc	E1
D42	SmoothDisc	CE47
D49	SmoothDisc	B2
D39	SmoothDisc	CE52
D42	SmoothDisc	F2
D42	SmoothDisc	F2
D18	SmoothDisc	CE52
D30	SmoothDisc	D3
D9	SmoothDisc	CE52
D2	SmoothDisc	F2
D14	SmoothDisc	H3
D18	SmoothDisc	D3
D14	SmoothDisc	F2
D2	SmoothDisc	H3
D42	SmoothDisc	H3
D42	SmoothDisc	CE47
D21	SmoothDisc	CE52
D28	SmoothDisc	A1
D14	SmoothDisc	H3
D42	SmoothDisc	CE49
D32	SmoothDisc	D3
D9	SmoothDisc	E1
D2	SmoothDisc	H3
D14	SmoothDisc	A1
D49	SmoothDisc	B2
D28	SmoothDisc	CE52
D28	SmoothDisc	D3
D37	SmoothDisc	D3
D30	SmoothDisc	E1
D39	SmoothDisc	D3
D2	SmoothDisc	F2
D30	SmoothDisc	CE52
D28	SmoothDisc	D3
D42	SmoothDisc	E1
D14	SmoothDisc	H3
D18	SmoothDisc	D3
D28	SmoothDisc	D3
D9	SmoothDisc	CE50
D11	SmoothDisc	E1
D14	SmoothDisc	H3
D42	SmoothDisc	H3
D42	SmoothDisc	CE47
D42	SmoothDisc	CE47
D14	SmoothDisc	D3
D5	SmoothDisc	CE49
D9	SmoothDisc	CE50
D9	SmoothDisc	A1
D26	SmoothDisc	CE49
D32	SmoothDisc	CE52
D14	SmoothDisc	F2
D26	SmoothDisc	CE50
D42	SmoothDisc	CE47
D32	SmoothDisc	E1
D18	SmoothDisc	E1
D42	SmoothDisc	H3
D26	SmoothDisc	CE49
D23	SmoothDisc	D3
D49	SmoothDisc	B2
D23	SmoothDisc	CE52
D5	SmoothDisc	CE49
D9	SmoothDisc	CE52
D18	SmoothDisc	E1
D9	SmoothDisc	E1
D23	SmoothDisc	A1
D49	SmoothDisc	B2
D14	SmoothDisc	F2
D2	SmoothDisc	A1
D11	SmoothDisc	E1
D28	SmoothDisc	D3
D2	SmoothDisc	CE49
D11	SmoothDisc	E1
D42	SmoothDisc	E1
D13	SmoothDisc	CE52
D23	SmoothDisc	D3
D42	SmoothDisc	H3
D42	SmoothDisc	H3
D28	SmoothDisc	CE52
D37	SmoothDisc	E1
D16	SmoothDisc	CE50
D39	SmoothDisc	CE52
D42	SmoothDisc	F2
D2	SmoothDisc	F2
D42	SmoothDisc	H3
D42	SmoothDisc	F2
D30	SmoothDisc	CE52
D23	SmoothDisc	D3
D16	SmoothDisc	CE52
D42	SmoothDisc	H3
D23	SmoothDisc	CE52
D49	SmoothDisc	B2
D30	SmoothDisc	CE52
D28	SmoothDisc	D3
D18	SmoothDisc	CE52
D42	SmoothDisc	H3
D32	SmoothDisc	E1
D14	SmoothDisc	F2
D14	SmoothDisc	H3
D39	SmoothDisc	E1
D42	SmoothDisc	F2
D42	SmoothDisc	F2
D37	SmoothDisc	CE52
D42	SmoothDisc	CE52
D14	SmoothDisc	CE49
D28	SmoothDisc	E1
D14	SmoothDisc	H3
D42	SmoothDisc	H3
D14	SmoothDisc	F2
D14	SmoothDisc	CE49
D14	SmoothDisc	CE50
D21	SmoothDisc	CE52
D42	SmoothDisc	CE47
D2	SmoothDisc	F2
D14	SmoothDisc	H3
D16	SmoothDisc	E1
D9	SmoothDisc	CE49
D42	SmoothDisc	F2
D14	SmoothDisc	E1
D29	SmoothDisc	CE49
D39	SmoothDisc	CE52
D14	SmoothDisc	F2
D42	SmoothDisc	CE52
D14	SmoothDisc	CE49
D2	SmoothDisc	H3
D5	SmoothDisc	A1
D9	SmoothDisc	CE49
D23	SmoothDisc	E1
D39	SmoothDisc	CE52
D32	SmoothDisc	E1
D14	SmoothDisc	CE50
D11	SmoothDisc	CE52
D2	SmoothDisc	CE50
D16	SmoothDisc	E1
D42	SmoothDisc	H3
D14	SmoothDisc	H3
D30	SmoothDisc	D3
D16	SmoothDisc	A1
D29	SmoothDisc	CE49
D16	SmoothDisc	E1
D49	SmoothDisc	B2
D42	SmoothDisc	CE50
D5	SmoothDisc	CE50
D29	SmoothDisc	CE50
D14	SmoothDisc	CE49
D23	SmoothDisc	D3
D2	SmoothDisc	A1
D2	SmoothDisc	F2
D32	SmoothDisc	D3
D9	SmoothDisc	E1
D26	SmoothDisc	CE49
D42	SmoothDisc	CE49
D30	SmoothDisc	E1
D23	SmoothDisc	D3
D21	SmoothDisc	D3
D2	SmoothDisc	F2
D14	SmoothDisc	CE49
D14	SmoothDisc	F2
D23	SmoothDisc	CE49
D2	SmoothDisc	H3
D26	SmoothDisc	A1
D14	SmoothDisc	H3
D13	SmoothDisc	CE52
D16	SmoothDisc	D3
D42	SmoothDisc	CE47
D39	SmoothDisc	CE52
D42	SmoothDisc	D3
D28	SmoothDisc	CE52
D23	SmoothDisc	CE52
D14	SmoothDisc	CE49
D23	SmoothDisc	CE52
D9	SmoothDisc	CE50
D18	SmoothDisc	E1
D42	SmoothDisc	CE52
D30	SmoothDisc	D3
D2	SmoothDisc	F2
D42	SmoothDisc	CE47
D11	SmoothDisc	D3
D14	SmoothDisc	A1
D2	SmoothDisc	CE49
D14	SmoothDisc	F2
D5	SmoothDisc	A1
D18	SmoothDisc	E1
D21	SmoothDisc	E1
D49	SmoothDisc	B2
D16	SmoothDisc	A1
D23	SmoothDisc	D3
D49	SmoothDisc	B2
D13	SmoothDisc	CE52
D42	SmoothDisc	CE47
D23	SmoothDisc	E1
D42	SmoothDisc	H3
D42	SmoothDisc	F2
D2	SmoothDisc	H3
D14	SmoothDisc	D3
D39	SmoothDisc	E1
D23	SmoothDisc	CE52
D32	SmoothDisc	D3
D13	SmoothDisc	CE52
D9	SmoothDisc	CE52
D9	SmoothDisc	CE49
D28	SmoothDisc	CE52
D30	SmoothDisc	CE52
D28	SmoothDisc	CE52
D18	SmoothDisc	D3
D21	SmoothDisc	D3
D39	SmoothDisc	CE52
D23	SmoothDisc	CE52
D14	SmoothDisc	F2
D42	SmoothDisc	F2
D14	SmoothDisc	A1
D18	SmoothDisc	CE52
D42	SmoothDisc	H3
D42	SmoothDisc	D3
D9	SmoothDisc	D3
D14	SmoothDisc	H3
D16	SmoothDisc	CE50
D11	SmoothDisc	D3
D2	SmoothDisc	H3
D2	SmoothDisc	F2
D26	SmoothDisc	A1
D13	SmoothDisc	CE52
D32	SmoothDisc	CE52
D29	SmoothDisc	CE49
D28	SmoothDisc	E1
D21	SmoothDisc	CE52
D14	SmoothDisc	E1
D42	SmoothDisc	H3
D42	SmoothDisc	CE47
D29	SmoothDisc	CE50
D42	SmoothDisc	H3
D9	SmoothDisc	CE50
D42	SmoothDisc	H3
D2	SmoothDisc	H3
D9	SmoothDisc	E1
D42	SmoothDisc	CE47
D36	SmoothDisc	A1
D21	SmoothDisc	D3
D42	SmoothDisc	E1
D16	SmoothDisc	CE50
D2	SmoothDisc	A1
D30	SmoothDisc	CE52
D42	SmoothDisc	CE50
D9	SmoothDisc	D3
D39	SmoothDisc	CE52
D16	SmoothDisc	D3
D42	SmoothDisc	E1
D9	SmoothDisc	E1
D42	SmoothDisc	CE47
D39	SmoothDisc	D3
D30	SmoothDisc	D3
D30	SmoothDisc	D3
D9	SmoothDisc	E1
D14	SmoothDisc	H3
D37	SmoothDisc	E1
D39	SmoothDisc	D3
D42	SmoothDisc	H3
D32	SmoothDisc	D3
D9	SmoothDisc	D3
D2	SmoothDisc	CE49
D42	SmoothDisc	H3
D42	SmoothDisc	F2
D42	SmoothDisc	F2
D2	SmoothDisc	H3
D16	SmoothDisc	E1
D37	SmoothDisc	E1
D2	SmoothDisc	CE49
D11	SmoothDisc	CE52
D14	SmoothDisc	F2
D16	SmoothDisc	CE52
D42	SmoothDisc	CE49
D9	SmoothDisc	D3
D14	SmoothDisc	H3
D42	SmoothDisc	E1
D42	SmoothDisc	F2
D42	SmoothDisc	CE47
D37	SmoothDisc	E1
D28	SmoothDisc	A1
D42	SmoothDisc	A1
D32	SmoothDisc	CE52
D23	SmoothDisc	E1
D39	SmoothDisc	E1
D14	SmoothDisc	E1
D11	SmoothDisc	CE52
D2	SmoothDisc	H3
D26	SmoothDisc	CE49
D49	SmoothDisc	B2
D21	SmoothDisc	D3
D42	SmoothDisc	CE47
D37	SmoothDisc	CE52
D14	SmoothDisc	CE52
D23	SmoothDisc	D3
D42	SmoothDisc	A1
D42	SmoothDisc	CE47
D9	SmoothDisc	CE52
D42	SmoothDisc	CE49
D2	SmoothDisc	CE49
D2	SmoothDisc	F2
D2	SmoothDisc	F2
D32	SmoothDisc	D3
D42	SmoothDisc	CE47
D18	SmoothDisc	CE52
D37	SmoothDisc	CE52
D2	SmoothDisc	A1
D2	SmoothDisc	H3
D18	SmoothDisc	E1
D14	SmoothDisc	H3
D42	SmoothDisc	CE52
D2	SmoothDisc	F2
D49	SmoothDisc	B2
D2	SmoothDisc	CE50
D29	SmoothDisc	CE49
D21	SmoothDisc	E1
D2	SmoothDisc	F2
D16	SmoothDisc	E1
D42	SmoothDisc	H3
D2	SmoothDisc	A1
D23	SmoothSphere	CE49
D30	SmoothSphere	D3
D29	SmoothSphere	CE50
D42	SmoothSphere	CE47
D28	SmoothSphere	CE52
D36	SmoothSphere	CE49
D14	SmoothSphere	CE52
D23	SmoothSphere	CE50
D16	SmoothSphere	E1
D42	SmoothSphere	CE47
D9	SmoothSphere	E1
D42	SmoothSphere	F2
D42	SmoothSphere	CE47
D42	SmoothSphere	CE47
D42	SmoothSphere	D3
D14	SmoothSphere	CE49
D18	SmoothSphere	E1
D21	SmoothSphere	D3
D21	SmoothSphere	CE52
D9	SmoothSphere	CE52
D36	SmoothSphere	A1
D21	SmoothSphere	CE52
D42	SmoothSphere	H3
D28	SmoothSphere	CE49
D28	SmoothSphere	E1
D9	SmoothSphere	D3
D23	SmoothSphere	CE50
D23	SmoothSphere	CE50
D23	SmoothSphere	CE49
D14	SmoothSphere	D3
D37	SmoothSphere	CE52
D14	SmoothSphere	H3
D16	SmoothSphere	A1
D42	SmoothSphere	CE52
D36	SmoothSphere	CE49
D28	SmoothSphere	CE50
D23	SmoothSphere	D3
D42	SmoothSphere	H3
D49	SmoothSphere	B2
D42	SmoothSphere	F2
D23	SmoothSphere	E1
D42	SmoothSphere	D3
D42	SmoothSphere	CE50
D18	SmoothSphere	D3
D37	SmoothSphere	D3
D30	SmoothSphere	D3
D37	SmoothSphere	CE52
D42	SmoothSphere	H3
D42	SmoothSphere	H3
D26	SmoothSphere	CE50
D42	SmoothSphere	CE49
D16	SmoothSphere	D3
D26	SmoothSphere	CE50
D42	SmoothSphere	F2
D42	SmoothSphere	A1
D32	SmoothSphere	E1
D36	SmoothSphere	A1
D2	SmoothSphere	H3
D42	SmoothSphere	CE52
D42	SmoothSphere	CE52
D37	SmoothSphere	CE52
D42	SmoothSphere	D3
D37	SmoothSphere	E1
D23	SmoothSphere	D3
D23	SmoothSphere	CE49
D39	SmoothSphere	D3
D23	SmoothSphere	CE49
D36	SmoothSphere	CE50
D42	SmoothSphere	CE49
D21	SmoothSphere	CE52
D28	SmoothSphere	CE52
D42	SmoothSphere	E1
D42	SmoothSphere	A1
D49	SmoothSphere	B2
D36	SmoothSphere	CE49
D42	SmoothSphere	CE52
D28	SmoothSphere	E1
D42	SmoothSphere	CE49
D21	SmoothSphere	E1
D36	SmoothSphere	CE49
D16	SmoothSphere	D3
D32	SmoothSphere	D3
D37	SmoothSphere	E1
D23	SmoothSphere	D3
D26	SmoothSphere	CE49
D42	SmoothSphere	CE47
D32	SmoothSphere	E1
D42	SmoothSphere	CE49
D42	SmoothSphere	E1
D21	SmoothSphere	E1
D42	SmoothSphere	F2
D39	SmoothSphere	CE52
D32	SmoothSphere	CE52
D30	SmoothSphere	D3
D36	SmoothSphere	CE49
D49	SmoothSphere	B2
D18	SmoothSphere	CE52
D29	SmoothSphere	CE50
D42	SmoothSphere	CE47
D42	SmoothSphere	CE47
D16	SmoothSphere	CE50
D18	SmoothSphere	D3
D29	SmoothSphere	CE49
D23	SmoothSphere	E1
D30	SmoothSphere	D3
D42	SmoothSphere	F2
D49	SmoothSphere	B2
D42	SmoothSphere	F2
D28	SmoothSphere	CE50
D28	SmoothSphere	A1
D23	SmoothSphere	CE49
D36	SmoothSphere	A1
D11	SmoothSphere	E1
D39	SmoothSphere	CE52
D39	SmoothSphere	CE52
D37	SmoothSphere	E1
D42	SmoothSphere	CE47
D42	SmoothSphere	F2
D23	SmoothSphere	CE52
D28	SmoothSphere	CE50
D39	SmoothSphere	E1
D37	SmoothSphere	D3
D29	SmoothSphere	A1
D42	SmoothSphere	A1
D42	SmoothSphere	H3
D42	SmoothSphere	F2
D14	SmoothSphere	CE49
D42	SmoothSphere	E1
D26	SmoothSphere	CE49
D16	SmoothSphere	E1
D42	SmoothSphere	CE50
D23	SmoothSphere	CE49
D29	SmoothSphere	CE49
D39	SmoothSphere	CE52
D26	SmoothSphere	CE50
D28	SmoothSphere	A1
D37	SmoothSphere	E1
D42	SmoothSphere	CE47
D42	SmoothSphere	CE49
D36	SmoothSphere	CE49
D42	SmoothSphere	CE47
D28	SmoothSphere	CE52
D42	SmoothSphere	F2
D9	SmoothSphere	CE49
D32	SmoothSphere	CE52
D36	SmoothSphere	CE49
D42	SmoothSphere	D3
D23	SmoothSphere	A1
D42	SmoothSphere	H3
D42	SmoothSphere	F2
D36	SmoothSphere	CE49
D26	SmoothSphere	CE49
D37	SmoothSphere	D3
D21	SmoothSphere	CE52
D37	SmoothSphere	D3
D32	SmoothSphere	CE52
D42	SmoothSphere	F2
D14	SmoothSphere	CE52
D23	SmoothSphere	D3
D42	SmoothSphere	CE47
D14	SmoothSphere	H3
D5	SmoothSphere	A1
D28	SmoothSphere	E1
D42	SmoothSphere	F2
D42	SmoothSphere	CE47
D14	SmoothSphere	CE50
D36	SmoothSphere	CE49
D36	SmoothSphere	CE50
D29	SmoothSphere	A1
D14	SmoothSphere	CE49
D14	SmoothSphere	D3
D11	SmoothSphere	E1
D42	SmoothSphere	CE49
D42	SmoothSphere	H3
D39	SmoothSphere	D3
D42	SmoothSphere	CE49
D16	SmoothSphere	CE49
D23	SmoothSphere	CE50
D28	SmoothSphere	E1
D42	SmoothSphere	A1
D39	SmoothSphere	E1
D16	SmoothSphere	A1
D28	SmoothSphere	CE49
D26	SmoothSphere	CE50
D29	SmoothSphere	CE50
D42	SmoothSphere	F2
D49	SmoothSphere	B2
D23	SmoothSphere	CE52
D16	SmoothSphere	E1
D42	SmoothSphere	F2
D37	SmoothSphere	CE52
D28	SmoothSphere	D3
D42	SmoothSphere	CE50
D16	SmoothSphere	CE52
D49	SmoothSphere	B2
D39	SmoothSphere	D3
D42	SmoothSphere	F2
D16	SmoothSphere	CE52
D28	SmoothSphere	A1
D42	SmoothSphere	CE49
D23	SmoothSphere	CE50
D36	SmoothSphere	CE50
D28	SmoothSphere	CE50
D42	SmoothSphere	F2
D16	SmoothSphere	CE49
D39	SmoothSphere	CE52
D36	SmoothSphere	CE49
D18	SmoothSphere	CE52
D30	SmoothSphere	E1
D42	SmoothSphere	CE47
D42	SmoothSphere	CE47
D42	SmoothSphere	CE50
D29	SmoothSphere	A1
D39	SmoothSphere	E1
D42	SmoothSphere	F2
D37	SmoothSphere	CE52
D28	SmoothSphere	E1
D42	SmoothSphere	CE49
D18	SmoothSphere	CE52
D26	SmoothSphere	CE49
D23	SmoothSphere	A1
D30	SmoothSphere	CE52
D42	SmoothSphere	H3
D9	SmoothSphere	CE52
D39	SmoothSphere	E1
D30	SmoothSphere	CE52
D21	SmoothSphere	D3
D42	SmoothSphere	E1
D49	SmoothSphere	B2
D37	SmoothSphere	E1
D32	SmoothSphere	D3
D37	SmoothSphere	E1
D42	SmoothSphere	A1
D36	SmoothSphere	CE49
D28	SmoothSphere	CE49
D23	SmoothSphere	A1
D30	SmoothSphere	CE52
D42	SmoothSphere	F2
D23	SmoothSphere	D3
D26	SmoothSphere	CE49
D26	SmoothSphere	CE49
D42	SmoothSphere	CE50
D23	SmoothSphere	CE50
D32	SmoothSphere	E1
D29	SmoothSphere	A1
D42	SmoothSphere	E1
D32	SmoothSphere	D3
D23	SmoothSphere	E1
D37	SmoothSphere	E1
D36	SmoothSphere	CE49
D42	SmoothSphere	H3
D37	SmoothSphere	D3
D32	SmoothSphere	CE52
D42	SmoothSphere	E1
D42	SmoothSphere	CE47
D26	SmoothSphere	CE50
D42	SmoothSphere	F2
D29	SmoothSphere	CE50
D39	SmoothSphere	E1
D29	SmoothSphere	CE49
D32	SmoothSphere	E1
D23	SmoothSphere	CE49
D32	SmoothSphere	D3
D30	SmoothSphere	E1
D32	SmoothSphere	D3
D42	SmoothSphere	D3
D42	SmoothSphere	CE50
D23	SmoothSphere	CE50
D29	SmoothSphere	A1
D42	SmoothSphere	CE50
D49	SmoothSphere	B2
D23	SmoothSphere	CE50
D28	SmoothSphere	D3
D28	SmoothSphere	CE49
D18	SmoothSphere	E1
D42	SmoothSphere	F2
D42	SmoothSphere	CE49
D49	SmoothSphere	B2
D42	SmoothSphere	F2
D28	SmoothSphere	CE50
D42	SmoothSphere	CE47
D32	SmoothSphere	E1
D26	SmoothSphere	CE50
D37	SmoothSphere	E1
D42	SmoothSphere	CE49
D16	SmoothSphere	CE50
D9	SmoothSphere	CE52
D21	SmoothSphere	D3
D26	SmoothSphere	A1
D26	SmoothSphere	CE49
D28	SmoothSphere	CE50
D39	SmoothSphere	E1
D32	SmoothSphere	D3
D29	SmoothSphere	CE50
D42	SmoothSphere	D3
D42	SmoothSphere	H3
D28	SmoothSphere	D3
D23	SmoothSphere	D3
D36	SmoothSphere	CE49
D49	SmoothSphere	B2
D42	SmoothSphere	CE47
D5	SmoothSphere	CE50
D16	SmoothSphere	CE49
D42	SmoothSphere	F2
D30	SmoothSphere	CE52
D39	SmoothSphere	D3
D36	SmoothSphere	CE49
D37	SmoothSphere	D3
D39	SmoothSphere	E1
D18	SmoothSphere	CE52
D49	SmoothSphere	B2
D42	SmoothSphere	CE50
D39	SmoothSphere	CE52
D42	SmoothSphere	E1
D28	SmoothSphere	A1
D42	SmoothSphere	H3
D42	SmoothSphere	F2
D18	SmoothSphere	CE52
D29	SmoothSphere	CE49
D42	SmoothSphere	F2
D42	SmoothSphere	CE47
D14	SmoothSphere	E1
D42	SmoothSphere	CE52
D39	SmoothSphere	D3
D39	SmoothSphere	E1
D21	SmoothSphere	CE52
D16	SmoothSphere	CE49
D42	SmoothSphere	CE50
D28	SmoothSphere	CE49
D49	SmoothSphere	B2
D29	SmoothSphere	CE50
D28	SmoothSphere	D3
D42	SmoothSphere	H3
D42	SmoothSphere	F2
D5	SmoothSphere	CE49
D42	SmoothSphere	F2
D49	SmoothSphere	B2
D42	SmoothSphere	F2
D42	SmoothSphere	F2
D42	SmoothSphere	CE50
D28	SmoothSphere	CE50
D37	SmoothSphere	D3
D49	SmoothSphere	B2
D49	SmoothSphere	B2
D28	SmoothSphere	D3
D42	SmoothSphere	CE52
D42	SmoothSphere	CE47
D9	SmoothSphere	CE52
D42	SmoothSphere	E1
D39	SmoothSphere	CE52
D36	SmoothSphere	CE49
D39	SmoothSphere	CE52
D49	SmoothSphere	B2
D39	SmoothSphere	CE52
D23	SmoothSphere	E1
D42	SmoothSphere	F2
D49	SmoothSphere	B2
D42	SmoothSphere	CE49
D42	SmoothSphere	CE52
D37	SmoothSphere	CE52
D30	SmoothSphere	E1
D26	SmoothSphere	CE50
D18	SmoothSphere	D3
D42	SmoothSphere	H3
D42	SmoothSphere	CE47
D28	SmoothSphere	D3
D16	SmoothSphere	CE49
D42	SmoothSphere	CE47
D30	SmoothSphere	E1
D21	SmoothSphere	CE52
D14	SmoothSphere	H3
D16	SmoothSphere	D3
D39	SmoothSphere	CE52
D32	SmoothSphere	E1
D42	SmoothSphere	CE50
D30	SmoothSphere	CE52
D42	SmoothSphere	A1
D49	SmoothSphere	B2
D28	SmoothSphere	A1
D39	SmoothSphere	D3
D42	SmoothSphere	CE47
D9	SmoothSphere	CE52
D42	SmoothSphere	H3
D42	SmoothSphere	CE47
D39	SmoothSphere	E1
D36	SmoothSphere	CE50
D42	SmoothSphere	CE49
D28	SmoothSphere	E1
D29	SmoothSphere	CE49
D2	SmoothSphere	A1
D42	SmoothSphere	CE49
D30	SmoothSphere	D3
D29	SmoothSphere	CE49
D49	SmoothSphere	B2
D21	SmoothSphere	E1
D39	SmoothSphere	E1
D32	SmoothSphere	E1
D49	SmoothSphere	B2
D23	SmoothSphere	D3
D42	SmoothSphere	H3
D42	SmoothSphere	A1
D39	SmoothSphere	CE52
D29	SmoothSphere	CE49
D49	SmoothSphere	B2
D37	SmoothSphere	E1
D42	SmoothSphere	A1
D42	SmoothSphere	A1
D9	SmoothSphere	D3
D42	SmoothSphere	CE47
D42	SmoothSphere	CE47
D32	SmoothSphere	CE52
D16	SmoothSphere	CE49
D42	SmoothSphere	E1
D26	SmoothSphere	CE50
D28	SmoothSphere	A1
D39	SmoothSphere	E1
D37	SmoothSphere	E1
D14	SmoothSphere	H3
D11	SmoothSphere	D3
D32	SmoothSphere	CE52
D39	SmoothSphere	E1
D42	SmoothSphere	CE50
D23	SmoothSphere	CE49
D42	SmoothSphere	H3
D28	SmoothSphere	CE49
D23	SmoothSphere	D3
D30	SmoothSphere	CE52
D42	SmoothSphere	CE49
D21	SmoothSphere	D3
D42	SmoothSphere	F2
D23	SmoothSphere	D3
D23	SmoothSphere	D3
D42	SmoothSphere	CE49
D36	SmoothSphere	A1
D29	SmoothSphere	CE50
D42	SmoothSphere	CE50
D23	SmoothSphere	CE50
D42	SmoothSphere	H3
D49	SmoothSphere	B2
D42	SmoothSphere	F2
D26	SmoothSphere	CE50
D39	SmoothSphere	CE52
D26	SmoothSphere	CE49
D42	SmoothSphere	H3
D42	SmoothSphere	H3
D42	SmoothSphere	CE52
D37	SmoothSphere	E1
D11	SmoothSphere	D3
D32	SmoothSphere	D3
D42	SmoothSphere	D3
D42	SmoothSphere	H3
D36	SmoothSphere	CE49
D26	SmoothSphere	CE49
D39	SmoothSphere	E1
D14	SmoothSphere	CE52
D26	SmoothSphere	CE49
D42	SmoothSphere	H3
D42	SmoothSphere	H3
D42	SmoothSphere	H3
D42	SmoothSphere	CE50
D42	SmoothSphere	D3
D42	SmoothSphere	CE49
D36	SmoothSphere	CE49
D23	SmoothSphere	CE49
D42	SmoothSphere	CE52
D39	SmoothSphere	CE52
D18	SmoothSphere	E1
D42	SmoothSphere	F2
D26	SmoothSphere	A1
D37	SmoothSphere	CE52
D39	SmoothSphere	CE52
D42	SmoothSphere	CE52
D49	SmoothSphere	B2
D14	SmoothSphere	H3
D42	SmoothSphere	CE49
D14	SmoothSphere	CE52
D14	SmoothSphere	D3
D36	SmoothSphere	CE49
D28	SmoothSphere	D3
D14	SmoothSphere	E1
D14	SmoothSphere	H3
D42	SmoothSphere	CE47
D42	SmoothSphere	H3
D30	SmoothSphere	E1
D42	SmoothSphere	H3
D49	SmoothSphere	B2
D39	SmoothSphere	D3
D16	SmoothSphere	E1
D37	SmoothSphere	CE52
D29	SmoothSphere	CE49
D23	SmoothSphere	CE52
D11	SmoothSphere	D3
D16	SmoothSphere	CE49
D23	SmoothSphere	D3
D49	SmoothSphere	B2
D26	SmoothSphere	CE50
D42	SmoothSphere	CE47
D28	SmoothSphere	D3
D42	SmoothSphere	D3
D28	SmoothSphere	CE52
D29	SmoothSphere	A1
D42	SmoothSphere	E1
D37	SmoothSphere	D3
D42	SmoothSphere	CE47
D37	SmoothSphere	D3
D16	SmoothSphere	D3
D42	SmoothSphere	F2
D26	SmoothSphere	CE50
D23	SmoothSphere	E1
D39	SmoothSphere	CE52
D37	SmoothSphere	E1
D30	SmoothSphere	D3
D42	SmoothSphere	CE47
D26	SmoothSphere	CE49
D29	SmoothSphere	CE50
D32	SmoothSphere	CE52
D36	SmoothSphere	CE49
D28	SmoothSphere	E1
D23	SmoothSphere	D3
D37	SmoothSphere	CE52
D9	SmoothSphere	D3
D37	SmoothSphere	D3
D42	SmoothSphere	F2
D42	SmoothSphere	F2
D49	SmoothSphere	B2
D42	SmoothSphere	H3
D26	SmoothSphere	A1
D39	SmoothSphere	CE52
D42	SmoothSphere	CE52
D23	SmoothSphere	A1
D28	SmoothSphere	A1
D28	SmoothSphere	D3
D29	SmoothSphere	A1
D42	SmoothSphere	CE47
D42	SmoothSphere	D3
D21	SmoothSphere	CE52
D23	SmoothSphere	A1
D30	SmoothSphere	E1
D2	SmoothSphere	H3
D39	SmoothSphere	E1
D26	SmoothSphere	CE49
D42	SmoothSphere	H3
D14	SmoothSphere	H3
D29	SmoothSphere	A1
D28	SmoothSphere	CE50
D39	SmoothSphere	D3
D42	SmoothSphere	D3
D18	SmoothSphere	CE52
D42	SmoothSphere	CE47
D39	SmoothSphere	E1
D30	SmoothSphere	D3
D39	SmoothSphere	D3
D28	SmoothSphere	CE52
D42	SmoothSphere	CE49
D42	SmoothSphere	CE49
